Accession,Residue1_Type,Residue1_ID
A0A009HRD8,PHE,115
A0A009PD57,PHE,115
A0A009R8H0,PHE,115
A0A009H1Z0,PHE,115
A0A009N468,PHE,115
A0A010INF0,PHE,115
A0A014Q9J3,PHE,115
A0A017T4D9,PHE,128
A0A017T4D9,PHE,133
A0A013TSB9,PHE,115
A0A009SI62,PHE,115
A0A011VUM0,PHE,113
A0A022J4K3,PHE,115
A0A009ZCB5,PHE,115
A0A013T945,PHE,115
A0A017RWW7,PHE,109
A0A023D1X9,PHE,124
A0A024L7E2,PHE,116
A0A031IP61,PHE,116
A0A031IC33,PHE,124
A0A031J2X1,PHE,108
A0A059DL83,PHE,110
A0A059ZJX3,PHE,115
A0A060QHN3,PHE,124
A0A060I0A4,PHE,116
A0A051TYU7,PHE,124
A0A059F9W8,PHE,111
A0A062GLE5,PHE,115
A0A061P830,PHE,115
A0A061NGY1,PHE,115
A0A062IJ32,PHE,115
A0A063Y4P0,PHE,108
A0A066UZ63,PHE,110
A0A067BH39,PHE,110
A0A067Z2L5,PHE,124
A0A069AWA8,PHE,109
A0A069D1H6,PHE,124
A0A069RFV0,PHE,109
A0A069PPJ4,PHE,112
A0A069E5H1,PHE,113
A0A071MCE1,PHE,116
A0A074LUR1,PHE,148
A0A072N637,PHE,111
A0A075R7Q8,PHE,109
A0A076HQJ4,PHE,111
A0A076JKV6,PHE,115
A0A076PSQ0,PHE,117
A0A076PQD3,PHE,123
A0A077KBC8,PHE,124
A0A076PN06,PHE,125
A0A077LD90,PHE,108
A0A078KTQ4,PHE,114
A0A081FYN6,PHE,116
A0A081NB63,PHE,112
A0A081HWL2,PHE,124
A0A081D1N2,PHE,124
A0A081P2E0,PHE,114
A0A084DMU8,PHE,116
A0A084JL76,PHE,114
A0A084IHJ1,PHE,119
A0A084TH28,PHE,110
A0A085G6N3,PHE,116
A0A085W662,PHE,131
A0A086BLE8,PHE,116
A0A086BLE9,PHE,123
A0A086ZF21,PHE,115
A0A086XVS8,PHE,124
A0A086Z1W8,PHE,115
A0A087AHD6,PHE,115
A0A086ZLH3,PHE,115
A0A086ZLU8,PHE,115
A0A087AN00,PHE,115
A0A087A6T5,PHE,115
A0A087BED7,PHE,115
A0A087BAW5,PHE,114
A0A087C4Q1,PHE,115
A0A087BRD1,PHE,115
A0A087CLV0,PHE,115
A0A087BPI1,PHE,115
A0A087CVX1,PHE,115
A0A087AP32,PHE,115
A0A087CZE3,PHE,115
A0A087DJ22,PHE,115
A0A087DBD1,PHE,115
A0A087CYB6,PHE,115
A0A087DLE9,PHE,115
A0A087DRC9,PHE,116
A0A087E301,PHE,115
A0A087ECW3,PHE,115
A0A087PR10,PHE,125
A0A087N4C8,PHE,124
A0A089IBP5,PHE,114
A0A090DQL1,PHE,125
A0A089HK53,PHE,114
A0A089I3Q2,PHE,114
A0A090QU53,PHE,110
A0A090DR71,PHE,125
A0A087E877,PHE,115
A0A090E378,PHE,125
A0A089I9G0,PHE,124
A0A090GNW0,PHE,125
A0A090KLU4,PHE,110
A0A090GJJ1,PHE,125
A0A090GFG4,PHE,125
A0A090TEP3,PHE,110
A0A087VSX0,PHE,115
A0A090S6T6,PHE,110
A0A090Y5K6,PHE,124
A0A089PFU3,PHE,112
A0A096DKZ4,PHE,117
A0A096FB20,PHE,123
A0A097APY1,PHE,116
A0A096HN32,PHE,117
A0A096HGH8,PHE,123
A0A098BVI1,PHE,117
A0A099KVX8,PHE,111
A0A099S0A4,PHE,108
A0A099WKT4,PHE,124
A0A0A1GR13,PHE,115
A0A099S7W3,PHE,108
A0A0A1HQI2,PHE,116
A0A099MCC9,PHE,110
A0A0A0BCX7,PHE,111
A0A0A1HX16,PHE,123
A0A0A1MT35,PHE,124
A0A0A1VZT2,PHE,116
A0A0A1Q3Q9,PHE,118
A0A0A1YIB2,PHE,117
A0A0A2A886,PHE,109
A0A0A1ZAT1,PHE,109
A0A0A1ZYB9,PHE,109
A0A0A2A8L2,PHE,109
A0A0A2AHU2,PHE,109
A0A0A2B5J2,PHE,109
A0A0A2BGG5,PHE,111
A0A0A2BN57,PHE,111
A0A0A2C661,PHE,112
A0A0A2CF60,PHE,127
A0A0A2BCY2,PHE,109
A0A0A5HYX0,PHE,110
A0A0A3Z5H2,PHE,124
A0A0A6DAZ1,PHE,108
A0A0A6VM65,PHE,115
A0A0A6VQQ9,PHE,125
A0A0A6PHM1,PHE,116
A0A0A8K6C0,PHE,124
A0A0A7I3P3,PHE,115
A0A0B1LJK3,PHE,116
A0A0A7I624,PHE,115
A0A0A8MYB5,PHE,115
A0A0B0D3P0,PHE,124
A0A0B2AKQ3,PHE,111
A0A0B2UCF2,PHE,115
A0A0B3BC10,PHE,116
A0A0B3W015,PHE,109
A0A0B3Y6B7,PHE,111
A0A0B4FNP3,PHE,100
A0A0B4FNP3,PHE,101
A0A0B4X951,PHE,124
A0A0B6D6H9,PHE,115
A0A0B6AIA8,PHE,124
A0A0B5QUH5,PHE,114
A0A0B8WRH1,PHE,109
A0A0B9G3L9,PHE,111
A0A0B9GJ77,PHE,110
A0A0C1PVZ2,PHE,124
A0A0C1QV00,PHE,116
A0A0C1Y2J0,PHE,113
A0A0C1UMR8,PHE,108
A0A0C1YCU0,PHE,115
A0A0C1YZN9,PHE,110
A0A0C2B681,PHE,123
A0A0C2NW42,PHE,110
A0A0C2EAW0,PHE,116
A0A0C2YWZ7,PHE,117
A0A0C2Z417,PHE,115
A0A0C3MNW8,PHE,110
A0A0C3E5Y3,PHE,111
A0A0C3E5P0,PHE,110
A0A0C3QZR6,PHE,110
A0A0C5E3A3,PHE,116
A0A0C5WJD3,PHE,110
A0A0C7GAQ5,PHE,109
A0A0D0J2B5,PHE,124
A0A0D0JC98,PHE,123
A0A0D0KLQ4,PHE,124
A0A0D0KK34,PHE,108
A0A0D0NAS3,PHE,116
A0A0D0TL87,PHE,116
A0A0D1K870,PHE,126
A0A0D0SMH0,PHE,124
A0A0D3V8V0,PHE,114
A0A0D5XZE1,PHE,116
A0A0D6AJX7,PHE,116
A0A0D6B7Q4,PHE,136
A0A0D6KNU9,PHE,116
A0A0D6Q6W0,PHE,124
A0A0D6N6X4,PHE,124
A0A0D6Q296,PHE,124
A0A0D6Q9T0,PHE,125
A0A0D6Q252,PHE,125
A0A0D7KW05,PHE,114
A0A0D7PJX6,PHE,124
A0A0D7PZG4,PHE,124
A0A0D8CBI9,PHE,116
A0A0D8ZXV6,PHE,116
A0A0D9ARK7,PHE,123
A0A0D8IUR7,PHE,113
A0A0E1FP27,PHE,116
A0A0E1NZ20,PHE,116
A0A0E2Z6W9,PHE,115
A0A0E2NA52,PHE,125
A0A0E2NU74,PHE,125
A0A0E3MAY1,PHE,108
A0A0E3JMW4,PHE,114
A0A0E3ZT46,PHE,113
A0A0E4GVS2,PHE,118
A0A0F0CN72,PHE,115
A0A0F2QQ90,PHE,112
A0A0F3IKW6,PHE,114
A0A0F2GZ51,PHE,110
A0A0F2TAA3,PHE,110
A0A0F4KQP9,PHE,124
A0A0F3IWG1,PHE,123
A0A0F4LW15,PHE,124
A0A0F4L4M4,PHE,115
A0A0F3WCL7,PHE,116
A0A0F4NKX6,PHE,110
A0A0F4L0F5,PHE,115
A0A0F4R6J1,PHE,121
A0A0F4R7Q2,PHE,104
A0A0F4R8Y6,PHE,116
A0A0F4XGY8,PHE,123
A0A0F4XFL4,PHE,116
A0A0F5K0U6,PHE,119
A0A0F5UQ96,PHE,110
A0A0F5NAN2,PHE,124
A0A0F7EFX0,PHE,109
A0A0F6AVX9,PHE,14
A0A0F7LP64,PHE,111
A0A0G3GFS9,PHE,116
A0A0G3G3A4,PHE,113
A0A0G8CH90,PHE,150
A0A0G4QSC3,PHE,115
A0A0G9LAA1,PHE,108
A0A0G9LBH1,PHE,114
A0A0H0YET8,PHE,110
A0A0G8F4N7,PHE,150
A0A0H2LUI0,PHE,122
A0A0H2MGS3,PHE,126
A0A0H2MX72,PHE,110
A0A0H3AGU1,PHE,107
A0A0H3A3S7,PHE,124
A0A0H2YK54,PHE,116
A0A0H3E833,PHE,115
A0A0H3F9R1,PHE,127
A0A0H3B3U9,PHE,116
A0A0H3FJ33,PHE,124
A0A0H3JAW9,PHE,114
A0A0H3K6C5,PHE,116
A0A0H3L3X7,PHE,127
A0A0H3KT69,PHE,116
A0A0H3MZ16,PHE,109
A0A0H5NG18,PHE,117
A0A0H5SUZ0,PHE,114
A0A0I2G3G5,PHE,116
A0A0H4IWC1,PHE,110
A0A0H4IWC1,PHE,119
A0A0H7DB44,PHE,107
A0A0J1A9W1,PHE,115
A0A0J1G3E5,PHE,114
A0A0J1BQR6,PHE,125
A0A0J1GJA7,PHE,110
A0A0J1HG45,PHE,118
A0A0J1IM33,PHE,124
A0A0J1H1H8,PHE,110
A0A0J1H6W1,PHE,110
A0A0J5Q732,PHE,114
A0A0J5ZZK7,PHE,116
A0A0J6EXW1,PHE,124
A0A0J6RHT8,PHE,116
A0A0J6N9Q4,PHE,116
A0A0J8D3X8,PHE,116
A0A0J8JI03,PHE,111
A0A0J8FDB6,PHE,115
A0A0J8XYL8,PHE,110
A0A0J9C317,PHE,115
A0A0J8VQK5,PHE,124
A0A0K1QR99,PHE,124
A0A0K1S7V7,PHE,116
A0A0K1U6S9,PHE,119
A0A0K2VWT5,PHE,125
A0A0K8MJA8,PHE,125
A0A0K6IHK1,PHE,104
A0A0K6IHK1,PHE,110
A0A0K9UVC9,PHE,107
A0A0K9Z0X3,PHE,108
A0A0L7AUY6,PHE,115
A0A0L7CX53,PHE,115
A0A0L7MB57,PHE,123
A0A0M0EKI5,PHE,124
A0A0M0EHD7,PHE,125
A0A0L8BS82,PHE,125
A0A0M0G9E6,PHE,124
A0A0M0HWT4,PHE,110
A0A0M0HKT7,PHE,110
A0A0M0I4C3,PHE,111
A0A0M0GPY7,PHE,124
A0A0M0I5E8,PHE,116
A0A0M0KV66,PHE,124
A0A0M0KG31,PHE,116
A0A0M0T2T2,PHE,124
A0A0M1I5Z2,PHE,115
A0A0M2DH60,PHE,123
A0A0M1JXU5,PHE,116
A0A0M2CV01,PHE,125
A0A0M2DPD2,PHE,117
A0A0M1VSD2,PHE,108
A0A0M1VSD2,PHE,109
A0A0M0VL25,PHE,115
A0A0M2PHH9,PHE,124
A0A0M2PQX8,PHE,116
A0A0M2R6B2,PHE,108
A0A0M2RDY3,PHE,126
A0A0M2WRK5,PHE,125
A0A0M3A6D2,PHE,116
A0A0M3DD84,PHE,109
A0A0M3T8U5,PHE,115
A0A0M4DEF7,PHE,119
A0A0M4NQR4,PHE,115
A0A0M4SDY6,PHE,108
A0A0M4SDY6,PHE,109
A0A0N0GKL6,PHE,116
A0A0N0GXQ5,PHE,122
A0A0N0GXQ5,PHE,124
A0A0N0IB33,PHE,116
A0A0N0L5Q6,PHE,124
A0A0N0KEV8,PHE,124
A0A0N0JMF8,PHE,123
A0A0N0MER3,PHE,124
A0A0N0V262,PHE,104
A0A0N0V262,PHE,111
A0A0N1IZU9,PHE,124
A0A0N1IZY8,PHE,124
A0A0N1N5J2,PHE,125
A0A0N8QBM1,PHE,124
A0A0N8SLH9,PHE,124
A0A0N8KMQ4,PHE,116
A0A0N8VXG0,PHE,114
A0A0N9X354,PHE,116
A0A0N8UHZ7,PHE,107
A0A0P0RBA3,PHE,116
A0A0N9VVN4,PHE,111
A0A0P6Z4T3,PHE,110
A0A0P7D633,PHE,119
A0A0P7JQ84,PHE,124
A0A0P7N3Y5,PHE,124
A0A0P7XGR4,PHE,119
A0A0P8AZP5,PHE,119
A0A0P7ZA40,PHE,116
A0A0P8VST5,PHE,108
A0A0P8X8C6,PHE,116
A0A0P8X248,PHE,117
A0A0P9FDU1,PHE,111
A0A0P9EMF1,PHE,115
A0A0P9RVI1,PHE,124
A0A0P9RAW4,PHE,124
A0A0P9YLE1,PHE,124
A0A0Q0BRU9,PHE,124
A0A0Q0J7K1,PHE,107
A0A0Q0JTV6,PHE,110
A0A0Q2MFR1,PHE,110
A0A0Q1B9W2,PHE,109
A0A0Q2U3M0,PHE,124
A0A0Q3KEL9,PHE,117
A0A0Q3WSJ6,PHE,124
A0A0Q4QR48,PHE,109
A0A0Q4RML5,PHE,109
A0A0Q4MX92,PHE,116
A0A0Q4TZY8,PHE,124
A0A0Q4X8U0,PHE,124
A0A0Q4XQK6,PHE,112
A0A0Q4XPY1,PHE,124
A0A0Q4UG00,PHE,122
A0A0Q4UG00,PHE,131
A0A0Q4XEQ7,PHE,124
A0A0Q5D0U5,PHE,117
A0A0Q5P8R3,PHE,120
A0A0Q5R1S0,PHE,125
A0A0Q5W3D4,PHE,124
A0A0Q5XKM4,PHE,124
A0A0Q5WDG5,PHE,117
A0A0Q6MZL8,PHE,122
A0A0Q6PKJ9,PHE,125
A0A0Q6S0V4,PHE,124
A0A0Q6QZK7,PHE,116
A0A0Q6ZQF9,PHE,116
A0A0Q6ZWF3,PHE,123
A0A0Q6XTQ3,PHE,114
A0A0Q7FJ36,PHE,112
A0A0Q7HJA4,PHE,123
A0A0Q7JKQ0,PHE,114
A0A0Q7KJP6,PHE,125
A0A0Q7Q2I1,PHE,109
A0A0Q7X817,PHE,125
A0A0Q7ZY57,PHE,124
A0A0Q8D3H2,PHE,116
A0A0Q8D2R8,PHE,109
A0A0Q8EDD5,PHE,127
A0A0Q8HWA9,PHE,127
A0A0Q8IYL3,PHE,116
A0A0Q8L897,PHE,125
A0A0Q8LXE2,PHE,118
A0A0Q8N3E9,PHE,124
A0A0Q8N3S4,PHE,109
A0A0Q8PPQ2,PHE,127
A0A0Q8SJI0,PHE,125
A0A0Q8R5D0,PHE,125
A0A0Q8SKE9,PHE,125
A0A0Q8SWH6,PHE,126
A0A0Q8TF73,PHE,123
A0A0Q8WG44,PHE,123
A0A0Q8T1D7,PHE,123
A0A0Q8ZVF4,PHE,109
A0A0Q8V0S0,PHE,128
A0A0Q8V0S0,PHE,133
A0A0Q9A9S1,PHE,125
A0A0Q9CRS7,PHE,123
A0A0Q9ELB4,PHE,109
A0A0Q9L8I1,PHE,114
A0A0Q9QBR9,PHE,124
A0A0Q9MYI0,PHE,114
A0A0R1EUI4,PHE,124
A0A0R1J9S3,PHE,124
A0A0R1G2D9,PHE,124
A0A0R1HMS9,PHE,124
A0A0R1LZX1,PHE,121
A0A0R1QSK6,PHE,124
A0A0R1RHX1,PHE,109
A0A0R1R8T2,PHE,124
A0A0R1QWI9,PHE,124
A0A0R1TX73,PHE,124
A0A0R1SCM0,PHE,124
A0A0R1UL39,PHE,121
A0A0R1V0G9,PHE,124
A0A0R1UPJ8,PHE,118
A0A0R1ZM54,PHE,125
A0A0R1W875,PHE,124
A0A0R1WGQ4,PHE,139
A0A0R1Z6R0,PHE,121
A0A0R1VP21,PHE,124
A0A0R2AZ75,PHE,128
A0A0R2BFK9,PHE,125
A0A0R1YIF2,PHE,121
A0A0R2CFM2,PHE,125
A0A0R2C567,PHE,124
A0A0R2F2Y9,PHE,124
A0A0R2FCE8,PHE,125
A0A0R2JSD7,PHE,130
A0A0R2HI21,PHE,106
A0A0R2L856,PHE,125
A0A0R2LE14,PHE,124
A0A0R2NKI0,PHE,124
A0A0R2MPR7,PHE,124
A0A0R2XLC5,PHE,113
A0A0R2NU24,PHE,122
A0A0R2HVT5,PHE,124
A0A0R2LEM9,PHE,124
A0A0R2NNZ7,PHE,124
A0A0R2Y4M5,PHE,116
A0A0R3ASI9,PHE,116
A0A0R3CN47,PHE,124
A0A0R3D7D1,PHE,126
A0A0R3F487,PHE,119
A0A0R3E4N4,PHE,124
A0A0R3FEK4,PHE,119
A0A0R3FVL4,PHE,119
A0A0R3GR37,PHE,119
A0A0R3ISL2,PHE,119
A0A0R3MKF5,PHE,133
A0A0S2HXF2,PHE,112
A0A0S2MG90,PHE,115
A0A0S2ZMX1,PHE,108
A0A0S2ZMX1,PHE,109
A0A0S2TE81,PHE,114
A0A0S3U0K2,PHE,116
A0A0S6UI17,PHE,124
A0A0S7ZYF0,PHE,117
A0A0S8BL48,PHE,114
A0A0S8EVJ7,PHE,114
A0A0S8F3S2,PHE,114
A0A0S9F843,PHE,123
A0A0S9PXP3,PHE,124
A0A0S9PP17,PHE,124
A0A0S9QK44,PHE,122
A0A0S9QK44,PHE,131
A0A0T6Y1T8,PHE,125
A0A0T5YSR4,PHE,114
A0A0T7BML8,PHE,116
A0A0T7DCM0,PHE,110
A0A0T7D3M2,PHE,110
A0A0T7DEB7,PHE,111
A0A0T6ZFY4,PHE,125
A0A0T9JAE1,PHE,116
A0A0T9MVW9,PHE,105
A0A0U0W3P9,PHE,124
A0A0U1DIV5,PHE,124
A0A0U1QW37,PHE,116
A0A0U2WRM2,PHE,125
A0A0U3CIP5,PHE,110
A0A0U3H962,PHE,125
A0A0U4CDK9,PHE,125
A0A0U4YB73,PHE,124
A0A0U5EUT8,PHE,125
A0A0V7ZQ50,PHE,116
A0A0V8GD90,PHE,124
A0A0V8IYA8,PHE,124
A0A0W0SDS2,PHE,114
A0A0V8BIV9,PHE,124
A0A0V9UPL0,PHE,117
A0A0W0THW3,PHE,115
A0A0W0N0L3,PHE,116
A0A0W0VCG7,PHE,114
A0A0W0UW99,PHE,114
A0A0W0WXQ0,PHE,113
A0A0W0ZD34,PHE,115
A0A0W1AUN2,PHE,114
A0A0W7YVG4,PHE,115
A0A0W8I9K9,PHE,125
A0A0X1KUL3,PHE,107
A0A0X3Y0R8,PHE,108
A0A0X3Y0R8,PHE,109
A0A100HM06,PHE,116
A0A101CGP8,PHE,117
A0A101KN63,PHE,125
A0A101WAX1,PHE,106
A0A101WAX1,PHE,111
A0A101VQR7,PHE,124
A0A103Z7Y3,PHE,116
A0A106DBC2,PHE,116
A0A106R568,PHE,116
A0A107QBE1,PHE,116
A0A109BAD6,PHE,124
A0A109D7L4,PHE,110
A0A109FP66,PHE,116
A0A109K490,PHE,121
A0A109LKI8,PHE,116
A0A109LA33,PHE,116
A0A109Q4C6,PHE,124
A0A120FMR8,PHE,124
A0A120FJW0,PHE,123
A0A124F4F7,PHE,109
A0A126NZN5,PHE,123
A0A126Q1T9,PHE,110
A0A126QMZ1,PHE,105
A0A126QMZ1,PHE,112
A0A126T5F5,PHE,114
A0A127I4B2,PHE,116
A0A132C379,PHE,118
A0A127VE97,PHE,113
A0A132E5G7,PHE,116
A0A132CJ88,PHE,116
A0A132EUC8,PHE,116
A0A133NNS5,PHE,115
A0A133KK40,PHE,138
A0A133P353,PHE,115
A0A133NFF5,PHE,143
A0A133NFF5,PHE,144
A0A133NS28,PHE,108
A0A133NS28,PHE,109
A0A135IM85,PHE,118
A0A135P4L7,PHE,123
A0A136H4Z8,PHE,109
A0A136I2T5,PHE,110
A0A135Z478,PHE,115
A0A137S9P1,PHE,111
A0A137S1J0,PHE,111
A0A139D449,PHE,112
A0A139R3H2,PHE,126
A0A139WUB0,PHE,116
A0A140PPY4,PHE,108
A0A140PPY4,PHE,109
A0A140K6H9,PHE,116
A0A140E5W2,PHE,113
A0A142BCX3,PHE,112
A0A142FMF8,PHE,111
A0A143B489,PHE,113
A0A143GJU9,PHE,116
A0A143ZDC8,PHE,124
A0A147HC52,PHE,122
A0A148N4Q0,PHE,114
A0A149QFC3,PHE,125
A0A149QQU2,PHE,124
A0A149PTP3,PHE,112
A0A149S630,PHE,124
A0A149RL10,PHE,125
A0A149TQZ3,PHE,125
A0A149UQK2,PHE,125
A0A149RQM2,PHE,124
A0A149U8E1,PHE,125
A0A149UB53,PHE,124
A0A150A0R7,PHE,117
A0A150FNK1,PHE,109
A0A150F9R4,PHE,124
A0A150HVB3,PHE,116
A0A150P1A7,PHE,113
A0A150P514,PHE,113
A0A150RSY5,PHE,113
A0A150S186,PHE,113
A0A150QFB5,PHE,113
A0A151A778,PHE,124
A0A151KYQ7,PHE,110
A0A150ULP4,PHE,124
A0A151QHR5,PHE,117
A0A154VML9,PHE,116
A0A158BDK4,PHE,122
A0A158BY99,PHE,112
A0A158CFP9,PHE,122
A0A158F591,PHE,117
A0A158ILL4,PHE,119
A0A158JLD1,PHE,124
A0A158L385,PHE,112
A0A158JS78,PHE,112
A0A158KAK2,PHE,112
A0A158KV08,PHE,124
A0A161JFJ9,PHE,108
A0A161HYB5,PHE,117
A0A160PCZ4,PHE,124
A0A161X756,PHE,108
A0A161WXH7,PHE,114
A0A161YX91,PHE,116
A0A162C3W3,PHE,111
A0A162KHT4,PHE,125
A0A162LDG5,PHE,116
A0A162IHA7,PHE,108
A0A162IHA7,PHE,109
A0A162V0V0,PHE,124
A0A163CUL6,PHE,114
A0A163FA17,PHE,114
A0A163X6E7,PHE,124
A0A164L4I5,PHE,119
A0A165J3Q0,PHE,124
A0A164A3T8,PHE,111
A0A165SSE4,PHE,110
A0A163YBA3,PHE,111
A0A165Z0E7,PHE,116
A0A165Z3E1,PHE,111
A0A166GEI6,PHE,125
A0A166YQL1,PHE,121
A0A167PDY0,PHE,121
A0A172U531,PHE,114
A0A172TPJ6,PHE,116
A0A172YM97,PHE,116
A0A173LPZ3,PHE,127
A0A172Z4G7,PHE,116
A0A173WWE7,PHE,115
A0A172ZBH7,PHE,114
A0A173T3W5,PHE,113
A0A173X0M8,PHE,114
A0A174H835,PHE,107
A0A173X213,PHE,115
A0A174DHW4,PHE,114
A0A174Z1I5,PHE,114
A0A174VR89,PHE,114
A0A174GYV5,PHE,107
A0A174GYV5,PHE,113
A0A174XN37,PHE,114
A0A176NPV2,PHE,123
A0A176YMZ4,PHE,124
A0A176ZBF5,PHE,124
A0A176Z5E6,PHE,126
A0A177GDV3,PHE,125
A0A177M7G0,PHE,114
A0A177NBA5,PHE,113
A0A177LY58,PHE,114
A0A177NFR7,PHE,114
A0A177NDG5,PHE,114
A0A177NNP0,PHE,114
A0A177SBD7,PHE,116
A0A177S822,PHE,124
A0A177XYP7,PHE,110
A0A178ID91,PHE,114
A0A178JCN0,PHE,110
A0A178KIS5,PHE,110
A0A178YEE8,PHE,125
A0A178Y5W6,PHE,125
A0A179SY81,PHE,124
A0A181CA88,PHE,124
A0A181CA45,PHE,125
A0A182AJ38,PHE,117
A0A191W6R7,PHE,110
A0A193FH92,PHE,117
A0A196QL71,PHE,119
A0A193GGB0,PHE,117
A0A1A0DFF2,PHE,124
A0A1A0K3I5,PHE,119
A0A198A2R3,PHE,114
A0A1A0VD38,PHE,117
A0A1A0TZJ0,PHE,124
A0A1A2DZH6,PHE,124
A0A1A2LYU5,PHE,124
A0A1A2JCP4,PHE,124
A0A1A2PLR0,PHE,124
A0A1A2MDM6,PHE,124
A0A1A2P6A8,PHE,140
A0A1A2Q8R5,PHE,124
A0A1A2PWM2,PHE,124
A0A1A2RY95,PHE,124
A0A1A2S7S8,PHE,125
A0A1A2SEY7,PHE,124
A0A1A2SR33,PHE,124
A0A1A2X0L1,PHE,124
A0A1A2YXA0,PHE,117
A0A1A2YY02,PHE,124
A0A1A2YHS1,PHE,124
A0A1A2YX82,PHE,124
A0A1A2UUG2,PHE,124
A0A1A2ZL23,PHE,124
A0A1A3D1W1,PHE,124
A0A1A3I8X8,PHE,124
A0A1A3E6Q7,PHE,124
A0A1A3FNT3,PHE,124
A0A1A3EXE6,PHE,117
A0A1A3PW56,PHE,115
A0A1A3PRR7,PHE,124
A0A1A5HR64,PHE,126
A0A1A3UDL0,PHE,124
A0A1A6AX72,PHE,116
A0A1A5JIG4,PHE,125
A0A1A6LCY2,PHE,110
A0A1A7C2P8,PHE,125
A0A1A7PTD9,PHE,116
A0A1A7NQZ0,PHE,116
A0A1A7Q4U5,PHE,116
A0A1A8T544,PHE,110
A0A1A8T1X3,PHE,104
A0A1A8T1X3,PHE,110
A0A1A8XVI9,PHE,114
A0A1A8TT89,PHE,11
A0A1A8TT89,PHE,133
A0A1A9G6U7,PHE,124
A0A1A9N5U7,PHE,121
A0A1A9RZH7,PHE,112
A0A1A9RZH7,PHE,113
A0A1B1CJW9,PHE,103
A0A1B1PVK0,PHE,114
A0A1B1NT48,PHE,110
A0A1B1TM74,PHE,115
A0A1B1URL7,PHE,124
A0A1B1MQ78,PHE,122
A0A1B2IWI8,PHE,125
A0A1B3CRZ8,PHE,116
A0A1B2DJY4,PHE,109
A0A1B4FP72,PHE,112
A0A1B4FR41,PHE,116
A0A1B4XHM7,PHE,114
A0A1B6AHB1,PHE,122
A0A1B6AHB1,PHE,124
A0A1B6VIR3,PHE,124
A0A1B6BEG6,PHE,103
A0A1B6BEG6,PHE,109
A0A1B8P150,PHE,111
A0A1B8UVR3,PHE,114
A0A1B9BID6,PHE,114
A0A1B9DA76,PHE,124
A0A1B9NVE1,PHE,110
A0A1B9NUN0,PHE,111
A0A1B9PQJ9,PHE,110
A0A1B9Q731,PHE,111
A0A1B9PSV4,PHE,110
A0A1B9YL88,PHE,124
A0A1B9YWJ7,PHE,133
A0A1C0SJI7,PHE,125
A0A1C0SUM0,PHE,125
A0A1C0TWX2,PHE,121
A0A1C1YSB1,PHE,107
A0A1C3JC35,PHE,111
A0A1C3JEW7,PHE,110
A0A1C3IUH1,PHE,111
A0A1C3IY94,PHE,110
A0A1C3JVM6,PHE,111
A0A1C3JMQ5,PHE,104
A0A1C3JMQ5,PHE,110
A0A1C3W0Y2,PHE,124
A0A1C3X0P8,PHE,133
A0A1C3WJM7,PHE,124
A0A1C3XW75,PHE,116
A0A1C5AKM5,PHE,132
A0A1C5M9B0,PHE,114
A0A1C5LXG1,PHE,109
A0A1C5MBA1,PHE,114
A0A1C5PPK4,PHE,113
A0A1C5VZW7,PHE,107
A0A1C5VZW7,PHE,113
A0A1C5V3Y7,PHE,114
A0A1C5ZG73,PHE,115
A0A1C6AKT6,PHE,107
A0A1C5RMP8,PHE,115
A0A1C6BX82,PHE,107
A0A1C6BX82,PHE,113
A0A1C6BVI9,PHE,109
A0A1C6BNM5,PHE,107
A0A1C6BNM5,PHE,113
A0A1C6BVP7,PHE,109
A0A1C6EM94,PHE,113
A0A1C6FMJ8,PHE,109
A0A1C6D7D1,PHE,113
A0A1C6DW30,PHE,113
A0A1C6G1L7,PHE,113
A0A1C6G1L7,PHE,116
A0A1C6K7D5,PHE,102
A0A1C6JN49,PHE,113
A0A1C6HX75,PHE,114
A0A1C7P7R4,PHE,113
A0A1D2KWA5,PHE,124
A0A1D2RM70,PHE,109
A0A1D2SRQ8,PHE,125
A0A1D3RLT9,PHE,114
A0A1D8AV94,PHE,114
A0A1D3TPI7,PHE,114
A0A1D7ZX89,PHE,132
A0A1D8GMS6,PHE,108
A0A1D8IQ15,PHE,114
A0A1D8TY34,PHE,116
A0A1D8UYR2,PHE,125
A0A1D8K9C0,PHE,114
A0A1D9G5Z4,PHE,116
A0A1D9GHH3,PHE,116
A0A1D9P586,PHE,114
A0A1D9PKB6,PHE,124
A0A1E2RZ70,PHE,124
A0A1E2UUB0,PHE,118
A0A1E2UPH8,PHE,114
A0A1E3FER2,PHE,116
A0A1E2WQA1,PHE,116
A0A1E3GRW0,PHE,111
A0A1E3L5L6,PHE,114
A0A1E3SH23,PHE,124
A0A1E3VT55,PHE,124
A0A1E3W051,PHE,124
A0A1E3XJU3,PHE,116
A0A1E3WAF2,PHE,124
A0A1E3WS80,PHE,110
A0A1E3YLZ5,PHE,123
A0A1E4FY31,PHE,124
A0A1E4UW08,PHE,108
A0A1E4MJK9,PHE,118
A0A1E4YGZ7,PHE,116
A0A1E5AM09,PHE,110
A0A1E5D2F1,PHE,110
A0A1E5BDN0,PHE,111
A0A1E5FT52,PHE,110
A0A1E5ITH8,PHE,110
A0A1E5H1Y2,PHE,125
A0A1E5IPL2,PHE,110
A0A1E5GTF0,PHE,151
A0A1E5KT08,PHE,151
A0A1E5QTM0,PHE,116
A0A1E5H8X9,PHE,125
A0A1E5GSC1,PHE,125
A0A1E5TR64,PHE,124
A0A1E7DKE8,PHE,124
A0A1E5QKJ1,PHE,116
A0A1E7DAD7,PHE,110
A0A1E7ZH03,PHE,111
A0A1E8FBU3,PHE,111
A0A1E9ENH9,PHE,108
A0A1E9ENH9,PHE,109
A0A1E9IQQ3,PHE,108
A0A1E9IQQ3,PHE,109
A0A1E8PQ94,PHE,125
A0A1F1L6Z3,PHE,114
A0A1F0E2M3,PHE,108
A0A1F0E2M3,PHE,109
A0A1F3KA35,PHE,112
A0A1F1W086,PHE,124
A0A1F3ZC26,PHE,116
A0A1F4JV12,PHE,125
A0A1F3SVI9,PHE,103
A0A1F3SVI9,PHE,109
A0A1F3VHE3,PHE,111
A0A1F4K3J9,PHE,124
A0A1F5PIM0,PHE,103
A0A1F8U2D4,PHE,108
A0A1F7XBC0,PHE,117
A0A1F8U345,PHE,110
A0A1F9GVN5,PHE,118
A0A1F9Q9H6,PHE,110
A0A1G0KBZ7,PHE,116
A0A1G0JGA1,PHE,119
A0A1G0XES5,PHE,115
A0A1G0ZEL0,PHE,115
A0A1G0YEC6,PHE,113
A0A1G0Z6E1,PHE,113
A0A1G1TDS3,PHE,123
A0A1G2DCX6,PHE,103
A0A1G2MCJ9,PHE,111
A0A1G1AFG7,PHE,148
A0A1G2DUN8,PHE,103
A0A1G2R392,PHE,129
A0A1G2RM23,PHE,114
A0A1G0ZWG4,PHE,114
A0A1G3MY20,PHE,101
A0A1G4Q919,PHE,113
A0A1G4AK49,PHE,114
A0A1G4PCB0,PHE,114
A0A1G4QX57,PHE,124
A0A1G5DUU8,PHE,120
A0A1G4XB25,PHE,130
A0A1G4XB25,PHE,135
A0A1G5EIX9,PHE,108
A0A1G5D5P3,PHE,114
A0A1G5D2X8,PHE,125
A0A1G5GN87,PHE,114
A0A1G5RXX6,PHE,113
A0A1G5L121,PHE,106
A0A1G5S5Z3,PHE,102
A0A1G5QM59,PHE,114
A0A1G5X4E5,PHE,125
A0A1G5XQN8,PHE,114
A0A1G6AH70,PHE,113
A0A1G5ZL00,PHE,116
A0A1G6AIH2,PHE,114
A0A1G6AJV0,PHE,113
A0A1G6HMG0,PHE,124
A0A1G6IL24,PHE,106
A0A1G6NAT5,PHE,109
A0A1G6NU65,PHE,112
A0A1G6RLM0,PHE,112
A0A1G6MGI5,PHE,108
A0A1G6VCI0,PHE,108
A0A1G6TFJ2,PHE,125
A0A1G6W2S7,PHE,116
A0A1G7GE25,PHE,108
A0A1G6YWL6,PHE,127
A0A1G7T2C0,PHE,124
A0A1G7U218,PHE,111
A0A1G7NZM8,PHE,116
A0A1G7ZA17,PHE,113
A0A1G7XA63,PHE,118
A0A1G7T6R4,PHE,114
A0A1G7YK16,PHE,118
A0A1G8AJ83,PHE,108
A0A1G7WU41,PHE,124
A0A1G8BGL5,PHE,110
A0A1G8EPT4,PHE,126
A0A1G8F2S9,PHE,122
A0A1G8GWV5,PHE,113
A0A1G8GLA9,PHE,108
A0A1G8F2F6,PHE,124
A0A1G8J7H5,PHE,125
A0A1G8K9Q1,PHE,124
A0A1G8N8H7,PHE,109
A0A1G8N8H7,PHE,110
A0A1G8RI48,PHE,114
A0A1G8PEE5,PHE,112
A0A1G8R5B4,PHE,112
A0A1G8WME4,PHE,124
A0A1G9E9P3,PHE,108
A0A1G9L5F3,PHE,114
A0A1G9MYD6,PHE,125
A0A1G9R143,PHE,109
A0A1G9US80,PHE,109
A0A1G9X155,PHE,123
A0A1H0BED6,PHE,124
A0A1H0C1N7,PHE,124
A0A1H0D7C3,PHE,125
A0A1H0CUJ6,PHE,116
A0A1H0TW46,PHE,124
A0A1H0U6I2,PHE,129
A0A1H0TKF0,PHE,127
A0A1H1FUM6,PHE,116
A0A1H1FXC1,PHE,108
A0A1H1CF36,PHE,116
A0A1H1H3A9,PHE,116
A0A1H1K8N2,PHE,124
A0A1H1KFN0,PHE,125
A0A1H1JLV6,PHE,112
A0A1H1Q5A3,PHE,120
A0A1H1S3Z4,PHE,115
A0A1H1SLS9,PHE,116
A0A1H1T7D0,PHE,111
A0A1H1T7D0,PHE,115
A0A1H1ZHS0,PHE,116
A0A1H2EBH7,PHE,116
A0A1H2L654,PHE,108
A0A1H2LLE4,PHE,124
A0A1H2LFD3,PHE,111
A0A1H2HIW5,PHE,111
A0A1H2MRN9,PHE,108
A0A1H2SQT6,PHE,114
A0A1H2WE03,PHE,106
A0A1H2UK86,PHE,124
A0A1H3J2J2,PHE,116
A0A1H3FNQ8,PHE,116
A0A1H3LNM0,PHE,125
A0A1H3TRU6,PHE,116
A0A1H3UFJ8,PHE,123
A0A1H3XGR4,PHE,113
A0A1H3Z9B8,PHE,114
A0A1H4F082,PHE,114
A0A1H4GGR8,PHE,113
A0A1H4H076,PHE,116
A0A1H4IQ20,PHE,124
A0A1H4S112,PHE,116
A0A1H4XA23,PHE,124
A0A1H4XVJ5,PHE,125
A0A1H4N6U0,PHE,116
A0A1H5CVU7,PHE,117
A0A1H5BSK3,PHE,125
A0A1H5JD54,PHE,124
A0A1H5NC09,PHE,116
A0A1H5P0N7,PHE,124
A0A1H6ANS6,PHE,110
A0A1H6BII1,PHE,125
A0A1H6AZF0,PHE,116
A0A1H6C154,PHE,116
A0A1H6KF05,PHE,113
A0A1H6R0U6,PHE,108
A0A1H6NUE0,PHE,116
A0A1H6UJH8,PHE,113
A0A1H6WUQ4,PHE,128
A0A1H6WUQ4,PHE,133
A0A1H6V9T4,PHE,113
A0A1H7GLA7,PHE,113
A0A1H7L1B6,PHE,113
A0A1H7KQ39,PHE,110
A0A1H7NX71,PHE,110
A0A1H7XDW0,PHE,114
A0A1H7XG68,PHE,108
A0A1H7XG68,PHE,109
A0A1H8D9V4,PHE,129
A0A1H8L3B5,PHE,118
A0A1H8L501,PHE,116
A0A1H8M194,PHE,123
A0A1H8TJ94,PHE,124
A0A1H8TP52,PHE,115
A0A1H9CRL0,PHE,111
A0A1H9ECK3,PHE,113
A0A1H9CGA2,PHE,145
A0A1H9SLY6,PHE,114
A0A1H9XNT0,PHE,124
A0A1H9YN11,PHE,125
A0A1I0D1Z8,PHE,113
A0A1H9WRN9,PHE,114
A0A1H9XNI9,PHE,117
A0A1I0D792,PHE,113
A0A1I0BJW1,PHE,113
A0A1I0GSY6,PHE,124
A0A1I0F207,PHE,115
A0A1I0DMW6,PHE,106
A0A1I0DMW6,PHE,111
A0A1I0R1W3,PHE,114
A0A1I0V5B5,PHE,108
A0A1I1AX33,PHE,108
A0A1I1EPU9,PHE,125
A0A1I1N2X3,PHE,114
A0A1I1N2T9,PHE,114
A0A1I1HV77,PHE,114
A0A1I1QIQ1,PHE,113
A0A1I1NIY2,PHE,113
A0A1I1TAW9,PHE,113
A0A1I1XAS4,PHE,108
A0A1I1W1G3,PHE,123
A0A1I2DWG0,PHE,124
A0A1I2F3C7,PHE,114
A0A1I2FDE3,PHE,119
A0A1I2JKV5,PHE,108
A0A1I2TZ36,PHE,114
A0A1I2WYS3,PHE,124
A0A1I2VCN0,PHE,125
A0A1I3GPC7,PHE,113
A0A1I3H3D9,PHE,122
A0A1I3JKH3,PHE,108
A0A1I3Q715,PHE,112
A0A1I3SVX1,PHE,124
A0A1I3S2A5,PHE,108
A0A1I3R008,PHE,108
A0A1I3UDA1,PHE,124
A0A1I3Y1H1,PHE,113
A0A1I3ZUF8,PHE,111
A0A1I4AP33,PHE,124
A0A1I4CEH0,PHE,111
A0A1I4KEF5,PHE,112
A0A1I4E0K0,PHE,109
A0A1I4F9M9,PHE,113
A0A1I4PQE6,PHE,121
A0A1I4QZ09,PHE,119
A0A1I4TUQ1,PHE,116
A0A1I4Y0W3,PHE,110
A0A1I4V744,PHE,119
A0A1I4YPW8,PHE,124
A0A1I5BUW6,PHE,124
A0A1I5CNR4,PHE,113
A0A1I5G1I8,PHE,126
A0A1I5HKW3,PHE,129
A0A1I5JT14,PHE,125
A0A1I5KKA5,PHE,121
A0A1I5MP79,PHE,108
A0A1I5NE12,PHE,108
A0A1I5KDF3,PHE,124
A0A1I5UE17,PHE,124
A0A1I5UD20,PHE,125
A0A1I5X9P5,PHE,124
A0A1I5XW11,PHE,130
A0A1I5XW11,PHE,135
A0A1I5VET4,PHE,119
A0A1I6GQA1,PHE,119
A0A1I6I304,PHE,119
A0A1I6KRD6,PHE,114
A0A1I6QZG3,PHE,114
A0A1I6X1F0,PHE,113
A0A1I7BR62,PHE,125
A0A1I7ECD4,PHE,124
A0A1I7EJU4,PHE,118
A0A1I7GYU4,PHE,114
A0A1I7HSE8,PHE,114
A0A1I7HBX6,PHE,114
A0A1I7JFD0,PHE,123
A0A1I7NF42,PHE,124
A0A1I7MXM7,PHE,124
A0A1I7LZC9,PHE,116
A0A1J0A4J5,PHE,124
A0A1J0TVG7,PHE,117
A0A1J4QBI2,PHE,110
A0A1J5JFF2,PHE,112
A0A1J4YJY0,PHE,111
A0A1J4SIH5,PHE,110
A0A1J4YGQ0,PHE,105
A0A1J4YGQ0,PHE,112
A0A1J5MQH8,PHE,101
A0A1J5NAZ3,PHE,105
A0A1J5NAZ3,PHE,112
A0A1J6HX62,PHE,124
A0A1J7CHL5,PHE,109
A0A1J9VRE6,PHE,150
A0A1K1P6F3,PHE,108
A0A1K1SRR7,PHE,126
A0A1K1PIK8,PHE,113
A0A1K1V2R5,PHE,116
A0A1K1T0N5,PHE,116
A0A1K1PVV9,PHE,112
A0A1L3F5H2,PHE,124
A0A1L3IB24,PHE,118
A0A1L3LN16,PHE,125
A0A1L3ZKD2,PHE,124
A0A1L5F807,PHE,114
A0A1L5NHF8,PHE,124
A0A1L5KHS2,PHE,107
A0A1L5KHS2,PHE,113
A0A1L5KF19,PHE,120
A0A1L7NFL2,PHE,108
A0A1L8CJ10,PHE,124
A0A1L8CPW9,PHE,105
A0A1L8CPW9,PHE,112
A0A1L8CMR3,PHE,111
A0A1L8MC42,PHE,111
A0A1M2UY73,PHE,111
A0A1L9QK58,PHE,116
A0A1M3CFY7,PHE,124
A0A1L9NSY3,PHE,118
A0A1M3F2T9,PHE,109
A0A1M3KSF7,PHE,107
A0A1M3M307,PHE,125
A0A1M3M307,PHE,130
A0A1M4MWL1,PHE,114
A0A1M4T6N7,PHE,108
A0A1M4ND84,PHE,116
A0A1M4TMF6,PHE,120
A0A1M4V736,PHE,109
A0A1M4VL14,PHE,116
A0A1M4YZJ5,PHE,109
A0A1M4W911,PHE,116
A0A1M5AWA1,PHE,120
A0A1M5AHH0,PHE,116
A0A1M5HP30,PHE,116
A0A1M5IG84,PHE,109
A0A1M5GPY8,PHE,110
A0A1M5L286,PHE,109
A0A1M5JVI2,PHE,119
A0A1N6KWU5,PHE,116
A0A1N6TKD1,PHE,124
A0A1N6P0R2,PHE,114
A0A1N6VYX2,PHE,110
A0A1N6YQT3,PHE,112
A0A1N6NMF8,PHE,116
A0A1N7A591,PHE,124
A0A1N7FYE5,PHE,116
A0A1N7K0I8,PHE,114
A0A1N7L7D3,PHE,116
A0A1N7Q8Z2,PHE,118
A0A1N7UK75,PHE,116
A0A1P8EHA2,PHE,115
A0A1P8KQ94,PHE,112
A0A1P8KQ94,PHE,118
A0A1P8NH16,PHE,124
A0A1P8UJA0,PHE,114
A0A1M5MKP6,PHE,109
A0A1M5TU03,PHE,124
A0A1M5S891,PHE,109
A0A1M5XWL3,PHE,124
A0A1M5XXK4,PHE,108
A0A1M5ZPN1,PHE,108
A0A1M6BBH9,PHE,114
A0A1M5ZUU2,PHE,114
A0A1M6DZ74,PHE,113
A0A1M6C846,PHE,111
A0A1M6FVJ6,PHE,111
A0A1M6E2V2,PHE,114
A0A1M6IUC4,PHE,113
A0A1M6JI14,PHE,101
A0A1M6III2,PHE,108
A0A1M6N923,PHE,109
A0A1M6N3U4,PHE,108
A0A1M6M0M4,PHE,108
A0A1M6MNR4,PHE,108
A0A1M6M4Y5,PHE,107
A0A1M6PFH4,PHE,116
A0A1M6NY29,PHE,108
A0A1M6TU13,PHE,111
A0A1M6XG79,PHE,114
A0A1M6Z9L1,PHE,109
A0A1M7DP37,PHE,109
A0A1M7HAV6,PHE,110
A0A1M7HYT4,PHE,111
A0A1M7JPN1,PHE,113
A0A1M7K1A2,PHE,108
A0A1M7MQC1,PHE,114
A0A1M7I6I2,PHE,111
A0A1M7J7E9,PHE,108
A0A1M7NHK8,PHE,124
A0A1M7SQK8,PHE,114
A0A1M7UNF7,PHE,124
A0A1M7UNU4,PHE,134
A0A1M7Y7G9,PHE,114
A0A1N6ETE0,PHE,124
A0A1M7YEG7,PHE,112
A0A1Q2D4Q4,PHE,124
A0A1Q2L504,PHE,124
A0A1Q2TXG6,PHE,115
A0A1Q3N5Q7,PHE,116
A0A1Q3WTV2,PHE,113
A0A1Q3N8T5,PHE,116
A0A1Q4E0K4,PHE,125
A0A1Q4HMN3,PHE,113
A0A1Q4HMN3,PHE,120
A0A1Q4H906,PHE,116
A0A1Q4H906,PHE,117
A0A1Q4HWP9,PHE,124
A0A1Q4R4R5,PHE,115
A0A1Q4UR27,PHE,113
A0A1Q4UR27,PHE,117
A0A1Q5E5G4,PHE,110
A0A1Q5RD83,PHE,124
A0A1Q5RPL5,PHE,124
A0A1Q6EH22,PHE,115
A0A1Q6NMX4,PHE,107
A0A1Q6NMX4,PHE,113
A0A1Q6LQB0,PHE,112
A0A1Q6UGJ0,PHE,113
A0A1Q7HDL6,PHE,128
A0A1Q7P1U5,PHE,121
A0A1Q7P1U5,PHE,126
A0A1Q7VHS5,PHE,124
A0A1Q8FZU5,PHE,119
A0A1Q8G658,PHE,111
A0A1Q8EPB9,PHE,116
A0A1Q8IZA6,PHE,112
A0A1Q8TBZ3,PHE,124
A0A1Q9ALW7,PHE,125
A0A1Q9B1U0,PHE,113
A0A1Q9GUW7,PHE,110
A0A1Q9R2T8,PHE,116
A0A1Q9QZ16,PHE,108
A0A1Q9SC00,PHE,125
A0A1Q9HHJ9,PHE,110
A0A1Q9XMZ8,PHE,108
A0A1R0GAK7,PHE,116
A0A1Q9XTV2,PHE,108
A0A1R0YA07,PHE,114
A0A1R0Z1A6,PHE,114
A0A1R0WYE0,PHE,114
A0A1R1A1W9,PHE,114
A0A1R0ZFE3,PHE,114
A0A1R1LGC1,PHE,118
A0A1R3F1T6,PHE,111
A0A1R3END8,PHE,110
A0A1R3FEH7,PHE,110
A0A1R3TWP1,PHE,124
A0A1R3FG22,PHE,111
A0A1R3U382,PHE,124
A0A1S1K7H6,PHE,119
A0A1S1LF00,PHE,112
A0A1S1M3D9,PHE,119
A0A1S1P173,PHE,124
A0A1S1MYJ4,PHE,124
A0A1S1Y731,PHE,113
A0A1S1Y779,PHE,114
A0A1S2ACB4,PHE,124
A0A1S2CEI1,PHE,119
A0A1S2MNJ8,PHE,124
A0A1S2QKQ1,PHE,119
A0A1S2V5D6,PHE,116
A0A1S6HJH9,PHE,110
A0A1S2W5P3,PHE,124
A0A1S6HKJ3,PHE,110
A0A1S7FWV4,PHE,124
A0A1S8LPH1,PHE,114
A0A1S8NJC6,PHE,114
A0A1S8TEN2,PHE,114
A0A1S8S9C9,PHE,114
A0A1S8RTX8,PHE,114
A0A1S8ZVU9,PHE,109
A0A1S8TLL7,PHE,114
A0A1S9NBC9,PHE,114
A0A1S9JM95,PHE,116
A0A1T0CSS9,PHE,111
A0A1T1HNG1,PHE,116
A0A1T1HEN3,PHE,116
A0A1T1IC47,PHE,108
A0A1T1B7M8,PHE,116
A0A1T2KR94,PHE,107
A0A1T2KR94,PHE,114
A0A1T2L8Z3,PHE,107
A0A1T2L8Z3,PHE,114
A0A1T2Z9C8,PHE,124
A0A1T4JHJ5,PHE,113
A0A1T4N778,PHE,113
A0A1T4KKQ8,PHE,109
A0A1T4MVJ0,PHE,111
A0A1T4RPI8,PHE,110
A0A1T4VVX1,PHE,112
A0A1T4YD93,PHE,114
A0A1T4QNI8,PHE,116
A0A1T5BIU5,PHE,114
A0A1T4W186,PHE,114
A0A1U7HFD1,PHE,116
A0A1U7J9V1,PHE,116
A0A1U7HPN0,PHE,116
A0A1U7I4D0,PHE,116
A0A1U7NBY2,PHE,116
A0A1T4WES0,PHE,107
A0A1T4WES0,PHE,114
A0A1U9KD32,PHE,124
A0A1U9R1S4,PHE,134
A0A1V0I1Z3,PHE,114
A0A1V1PGV1,PHE,137
A0A1V1I3V7,PHE,109
A0A1V2CH65,PHE,109
A0A1V2JWM9,PHE,116
A0A1V2K1C5,PHE,116
A0A1V2RLE2,PHE,125
A0A1V2NVG7,PHE,121
A0A1V2J438,PHE,116
A0A1V2UW44,PHE,115
A0A1V3A0X6,PHE,113
A0A1V2YLZ9,PHE,117
A0A1V2W2S4,PHE,116
A0A1V3JWT7,PHE,114
A0A1V3NL71,PHE,114
A0A1V3S6Q4,PHE,116
A0A1V4BSU2,PHE,113
A0A1V3SD28,PHE,123
A0A1V4H6N1,PHE,102
A0A1V4H6N1,PHE,108
A0A1V4I7H8,PHE,109
A0A1V4DFB2,PHE,124
A0A1V4ICP1,PHE,108
A0A1V4IZ21,PHE,114
A0A1V4J110,PHE,114
A0A1V4LKG2,PHE,124
A0A1V4MU53,PHE,116
A0A1V5GLA3,PHE,113
A0A1V4Q1T7,PHE,125
A0A1V5L9T7,PHE,112
A0A1V5NLG8,PHE,114
A0A1V5R5N8,PHE,108
A0A1V5V7H9,PHE,116
A0A1V5S6P1,PHE,113
A0A1V6AKR6,PHE,121
A0A1V5WHZ1,PHE,107
A0A1V5WHZ1,PHE,112
A0A1V5UKQ3,PHE,112
A0A1V5XPG0,PHE,115
A0A1V8M9M7,PHE,114
A0A1V8Q7P2,PHE,115
A0A1V8PRZ8,PHE,115
A0A1W0CIG1,PHE,116
A0A1V9W7X8,PHE,150
A0A1W1X2N6,PHE,114
A0A1W2BB21,PHE,122
A0A1W6Q0D8,PHE,131
A0A1W6PT81,PHE,116
A0A1W6UGN0,PHE,110
A0A1W6WQ26,PHE,150
A0A1W6YGB2,PHE,117
A0A1W6YMN6,PHE,120
A0A1W7D0T3,PHE,125
A0A1W7MC60,PHE,118
A0A1W9I9V1,PHE,124
A0A1W9I5R5,PHE,125
A0A1W9LBW8,PHE,114
A0A1W9X203,PHE,114
A0A1X0IM37,PHE,119
A0A1X0I8R0,PHE,124
A0A1X0G606,PHE,124
A0A1X0JX80,PHE,124
A0A1X0WHI9,PHE,125
A0A1X0YD05,PHE,113
A0A1X0YD05,PHE,119
A0A1X0Y1H0,PHE,124
A0A1X1D627,PHE,124
A0A1X1FFQ6,PHE,124
A0A1X1PDY0,PHE,116
A0A1X1MSB7,PHE,111
A0A1X1T2B5,PHE,124
A0A1X1R4F6,PHE,124
A0A1X1UFU2,PHE,124
A0A1X2A8Y3,PHE,124
A0A1X2ENE6,PHE,112
A0A1X3H890,PHE,124
A0A1X3J7A7,PHE,116
A0A1X2FXF0,PHE,116
A0A1X6WP26,PHE,124
A0A1X7A7M4,PHE,123
A0A1X7CLX1,PHE,116
A0A1X7EXC5,PHE,124
A0A1X7CJ20,PHE,107
A0A1X7CJ20,PHE,114
A0A1X7L9F4,PHE,108
A0A1Y0C056,PHE,125
A0A1Y0EQV7,PHE,116
A0A1Y0Y784,PHE,124
A0A1Y0T8C6,PHE,124
A0A1Y1CN56,PHE,114
A0A1Y0V346,PHE,124
A0A1Y0RTF9,PHE,116
A0A1Y1BRT1,PHE,116
A0A1Y1IV72,PHE,117
A0A1Y1JDW7,PHE,123
A0A1Y1RN13,PHE,112
A0A1Y2JEM4,PHE,124
A0A1Y2JS24,PHE,124
A0A1Y2SSK6,PHE,116
A0A1Y3KUB9,PHE,116
A0A1Y3TPW0,PHE,113
A0A1Y3UG04,PHE,109
A0A1Y3UG04,PHE,116
A0A1Y4CMU6,PHE,109
A0A1Y4CMU6,PHE,116
A0A1Y4DWR6,PHE,109
A0A1Y4DWR6,PHE,116
A0A1Y4BPJ5,PHE,109
A0A1Y4BPJ5,PHE,116
A0A1Y3XQD5,PHE,113
A0A1Y3WCU0,PHE,113
A0A1Y4DR08,PHE,109
A0A1Y4DR08,PHE,116
A0A1Y4BAH4,PHE,109
A0A1Y4BAH4,PHE,116
A0A1Y4ANG1,PHE,109
A0A1Y4ANG1,PHE,116
A0A1Y4DZY2,PHE,109
A0A1Y4DZY2,PHE,116
A0A1Y4IX73,PHE,101
A0A1Y4EWL6,PHE,114
A0A1Y4I959,PHE,117
A0A1Y4J3W6,PHE,113
A0A1Y4K4Q0,PHE,109
A0A1Y4SXT1,PHE,113
A0A1Y4RPJ1,PHE,114
A0A1Y4KXD2,PHE,114
A0A1Y4T9W9,PHE,113
A0A1Y4WPA6,PHE,118
A0A1Y4J0V7,PHE,113
A0A1Y4NJ15,PHE,126
A0A1Y5DW56,PHE,121
A0A1Y5DL89,PHE,111
A0A1Y4VI22,PHE,107
A0A1Y5DNL4,PHE,111
A0A1Y5ERX1,PHE,111
A0A1Y5EBV1,PHE,121
A0A1Y5F282,PHE,111
A0A1Y5ET46,PHE,116
A0A1Y5FNN6,PHE,108
A0A1Y5K5V5,PHE,109
A0A1Y5RLZ3,PHE,129
A0A1Y6BTF1,PHE,111
A0A1Y6FV26,PHE,108
A0A1Y6JQW6,PHE,124
A0A1Z3HM62,PHE,115
A0A1Z4EIV4,PHE,124
A0A1Z4ERC3,PHE,114
A0A1Z4F4H7,PHE,119
A0A1Z4BTY2,PHE,113
A0A1Z4GHB6,PHE,116
A0A1Z4ICU9,PHE,116
A0A1Z4KX29,PHE,116
A0A1Z4LV63,PHE,116
A0A1Z4NDI0,PHE,116
A0A1Z4QFH8,PHE,116
A0A1Z4RQL1,PHE,129
A0A1Z4QXY7,PHE,116
A0A1Z5HAP9,PHE,114
A0A1Z4N4V9,PHE,116
A0A1Z5I9G5,PHE,124
A0A1Z7WTL3,PHE,121
A0A1Z7WS55,PHE,111
A0A1Z8NNZ0,PHE,111
A0A1Z8UIG6,PHE,115
A0A1Z8UVI3,PHE,112
A0A1Z8QIX2,PHE,113
A0A1Z9AGM8,PHE,111
A0A209A9M2,PHE,105
A0A210PA14,PHE,114
A0A212AKT4,PHE,114
A0A212K4J2,PHE,119
A0A210WAK2,PHE,123
A0A212LHK0,PHE,124
A0A212TI60,PHE,119
A0A218QL89,PHE,116
A0A218PR06,PHE,124
A0A212TP05,PHE,116
A0A218PXA8,PHE,116
A0A220MQ00,PHE,108
A0A222WMN5,PHE,124
A0A222WHC0,PHE,124
A0A223AYW6,PHE,108
A0A223AYW6,PHE,109
A0A222WNB3,PHE,125
A0A223EJD3,PHE,124
A0A223EPJ5,PHE,124
A0A223N083,PHE,110
A0A223VWI5,PHE,116
A0A225DGX0,PHE,113
A0A225SW88,PHE,114
A0A226X4I9,PHE,116
A0A227NMX5,PHE,109
A0A228HMN3,PHE,116
A0A228I2D0,PHE,116
A0A228JS45,PHE,116
A0A228Q4W5,PHE,116
A0A228QMM0,PHE,116
A0A231GPB4,PHE,116
A0A229VVI5,PHE,115
A0A231GXT1,PHE,119
A0A231MVW9,PHE,110
A0A231VN06,PHE,116
A0A233HKA1,PHE,110
A0A235HP39,PHE,116
A0A238A1E6,PHE,117
A0A235IAR1,PHE,116
A0A235J5M2,PHE,116
A0A238VYI1,PHE,119
A0A238KRG2,PHE,118
A0A238KP69,PHE,118
A0A238Z7H0,PHE,110
A0A239AHE8,PHE,111
A0A239DBZ5,PHE,125
A0A239K5U8,PHE,116
A0A239LAZ9,PHE,109
A0A239REU0,PHE,113
A0A240EFL1,PHE,110
A0A241RRK6,PHE,124
A0A241Q018,PHE,108
A0A241Q018,PHE,109
A0A241WGP0,PHE,116
A0A241Z923,PHE,115
A0A242CFA2,PHE,125
A0A242DAZ9,PHE,124
A0A242U1W7,PHE,117
A0A242NTW9,PHE,105
A0A243CWL2,PHE,150
A0A243VW91,PHE,110
A0A243GQL5,PHE,150
A0A246FYC6,PHE,116
A0A246DNN3,PHE,116
A0A246BSA6,PHE,116
A0A246EDP1,PHE,108
A0A246EDP1,PHE,109
A0A246WS36,PHE,122
A0A248L4U7,PHE,124
A0A248LDW4,PHE,150
A0A249PHJ2,PHE,124
A0A249NTZ1,PHE,125
A0A250I787,PHE,116
A0A250DGV0,PHE,124
A0A250L024,PHE,114
A0A250VDG0,PHE,115
A0A251WCZ2,PHE,115
A0A252AYS2,PHE,125
A0A252A3W8,PHE,125
A0A252AJX5,PHE,124
A0A252AZZ8,PHE,124
A0A252BSN7,PHE,124
A0A252AA55,PHE,125
A0A252DJ77,PHE,116
A0A252DPU5,PHE,116
A0A254QBI4,PHE,109
A0A254TAJ6,PHE,113
A0A255HXF2,PHE,125
A0A255HIH8,PHE,111
A0A255I078,PHE,109
A0A255XLE0,PHE,123
A0A255IQT4,PHE,114
A0A255Z234,PHE,117
A0A256FSR2,PHE,124
A0A255ZCP4,PHE,124
A0A256WCX7,PHE,112
A0A257H9H3,PHE,123
A0A257JCW7,PHE,124
A0A257SWK7,PHE,114
A0A257MZ36,PHE,119
A0A257UYA7,PHE,124
A0A258L2X0,PHE,124
A0A258M112,PHE,123
A0A258K3M2,PHE,123
A0A258S6U7,PHE,114
A0A259BLH0,PHE,123
A0A260AE67,PHE,125
A0A259LJZ7,PHE,119
A0A261EVN5,PHE,115
A0A261EZP6,PHE,115
A0A261EX08,PHE,115
A0A261F6Y6,PHE,116
A0A261FCG5,PHE,116
A0A261FHK7,PHE,115
A0A261FSV9,PHE,116
A0A261G186,PHE,116
A0A261FJ98,PHE,115
A0A261FVN5,PHE,115
A0A261G8N7,PHE,115
A0A261GQ32,PHE,111
A0A261KRZ9,PHE,117
A0A261GRY4,PHE,118
A0A261GRY4,PHE,125
A0A261RNU1,PHE,117
A0A267MI19,PHE,108
A0A268K7V8,PHE,108
A0A269YHS0,PHE,124
A0A269XWB8,PHE,124
A0A270B7D7,PHE,124
A0A271L9H7,PHE,125
A0A285BIH9,PHE,116
A0A285EDS7,PHE,125
A0A271VRR7,PHE,107
A0A285HWA0,PHE,119
A0A285HWA0,PHE,121
A0A285PC04,PHE,126
A0A285PPZ3,PHE,107
A0A285PPZ3,PHE,113
A0A285Q0Z3,PHE,111
A0A285ZFH7,PHE,116
A0A286CRH8,PHE,117
A0A288QMH7,PHE,124
A0A290Q2I7,PHE,114
A0A290WSJ3,PHE,125
A0A290ZUX3,PHE,122
A0A291IF01,PHE,114
A0A291MYQ3,PHE,117
A0A291MYQ3,PHE,123
A0A291MYQ3,PHE,126
A0A291H1J2,PHE,124
A0A291PE14,PHE,125
A0A291GA86,PHE,107
A0A291Q3P4,PHE,119
A0A291RGW0,PHE,119
A0A291JHB6,PHE,124
A0A292RW83,PHE,114
A0A292RWR2,PHE,114
A0A2A1ZMF7,PHE,98
A0A2A1ZMF7,PHE,104
A0A2A2EJJ3,PHE,115
A0A2A2EFL7,PHE,115
A0A2A2EPQ8,PHE,111
A0A2A2G1Z7,PHE,125
A0A2A2N9E2,PHE,110
A0A2A2VC99,PHE,124
A0A2A2R800,PHE,114
A0A2A3D870,PHE,125
A0A2A3AV87,PHE,125
A0A2A3DWQ7,PHE,125
A0A2A3FYJ1,PHE,125
A0A2A2ZJK9,PHE,124
A0A2A3IUG6,PHE,117
A0A2A3JIP4,PHE,115
A0A2A3LL56,PHE,113
A0A2A3YFA6,PHE,124
A0A2A3L4H7,PHE,124
A0A2A4CKA2,PHE,116
A0A2A4EYV8,PHE,107
A0A2A4LIM5,PHE,113
A0A2A4MMU8,PHE,111
A0A2A4RK30,PHE,112
A0A2A4NQ05,PHE,124
A0A2A4UEG6,PHE,105
A0A2A4UEG6,PHE,112
A0A2A4V575,PHE,129
A0A2A4VJT6,PHE,116
A0A2A4XX34,PHE,114
A0A2A4YS12,PHE,113
A0A2A5HRX0,PHE,109
A0A2A5BHX1,PHE,111
A0A2A5C6A4,PHE,117
A0A2A5L5D6,PHE,124
A0A2A6F6S2,PHE,125
A0A2A5KVM6,PHE,116
A0A2A6LD13,PHE,116
A0A2A6M1G6,PHE,122
A0A2A6KLN7,PHE,116
A0A2A6M3N4,PHE,125
A0A2A6MJN4,PHE,125
A0A2A6PBJ9,PHE,125
A0A2A6R0D4,PHE,124
A0A2A6PYQ4,PHE,124
A0A2A6RA61,PHE,116
A0A2A7MM84,PHE,114
A0A2A7MNI1,PHE,125
A0A2A7UCJ1,PHE,117
A0A2A8HAN2,PHE,150
A0A2A7WS38,PHE,108
A0A2A9F4L8,PHE,110
A0A2A8ZQ30,PHE,137
A0A2A8ZQ30,PHE,138
A0A2A9L1Y8,PHE,116
A0A2A8SF21,PHE,153
A0A2A9FN85,PHE,111
A0A2B0L3I8,PHE,150
A0A2B2M6K6,PHE,150
A0A2B2BQD7,PHE,124
A0A2B0QN39,PHE,124
A0A2B4FMR0,PHE,130
A0A2B8SVT7,PHE,150
A0A2B2FBF2,PHE,150
A0A2B8BL60,PHE,113
A0A2B7YVJ2,PHE,108
A0A2B7YVJ2,PHE,109
A0A2C0ZBV7,PHE,108
A0A2C2V782,PHE,108
A0A2C1YZ48,PHE,124
A0A2C1YTV7,PHE,108
A0A2C6A8D0,PHE,108
A0A2C6A8D0,PHE,109
A0A2C6A3G1,PHE,108
A0A2C6A3G1,PHE,109
A0A2C6DJZ6,PHE,116
A0A2C6C6C6,PHE,108
A0A2C6C6C6,PHE,109
A0A2C6BW24,PHE,108
A0A2C6BW24,PHE,109
A0A2C9DCQ5,PHE,118
A0A2C9DVK3,PHE,117
A0A2C8F6Z1,PHE,105
A0A2C8F6Z1,PHE,112
A0A2C9PB48,PHE,110
A0A2C9END7,PHE,116
A0A2D0HDB2,PHE,116
A0A2D3D5L1,PHE,115
A0A2D2M6F7,PHE,116
A0A2D4YYL6,PHE,111
A0A2D5EQK8,PHE,115
A0A2D5EKH7,PHE,111
A0A2D5P646,PHE,112
A0A2D5P646,PHE,118
A0A2D5W2G8,PHE,121
A0A2D5P5T6,PHE,112
A0A2D6AKB0,PHE,103
A0A2D6RY16,PHE,117
A0A2D6FCT6,PHE,111
A0A2D6UGN4,PHE,114
A0A2D6RJE3,PHE,111
A0A2D6Y7P0,PHE,111
A0A2D7B9R9,PHE,114
A0A2D7HTU8,PHE,112
A0A2D6VJX0,PHE,116
A0A2D7PSW8,PHE,111
A0A2D7GES1,PHE,129
A0A2D7PGG6,PHE,111
A0A2D7WXY1,PHE,119
A0A2D7II46,PHE,112
A0A2D8I0J3,PHE,116
A0A2D8QUM8,PHE,117
A0A2D8RBN0,PHE,119
A0A2D8QG89,PHE,125
A0A2D8USC1,PHE,120
A0A2D8VEH0,PHE,117
A0A2D9LEJ2,PHE,119
A0A2D9KRR3,PHE,111
A0A2D9SNN1,PHE,117
A0A2E0AG94,PHE,111
A0A2E0KH08,PHE,111
A0A2E0J022,PHE,113
A0A2E0IV66,PHE,120
A0A2E0Q0Q6,PHE,112
A0A2E0PUK2,PHE,119
A0A2E0TMJ2,PHE,115
A0A2E1ED91,PHE,112
A0A2E1VQI8,PHE,116
A0A2E1XGK0,PHE,129
A0A2E1YTA6,PHE,112
A0A2E2D7K4,PHE,111
A0A2E2ILM9,PHE,111
A0A2E2IT39,PHE,122
A0A2E2HER1,PHE,117
A0A2E2PHB8,PHE,112
A0A2E2N2U9,PHE,119
A0A2E2R1T3,PHE,117
A0A2E2QRN9,PHE,119
A0A2E2VPS0,PHE,111
A0A2E2WWN3,PHE,113
A0A2E3EU39,PHE,125
A0A2E2XNC5,PHE,111
A0A2E3QNR7,PHE,112
A0A2E3QGS4,PHE,116
A0A2E3STZ3,PHE,119
A0A2E4E2M1,PHE,112
A0A2E3ZUW3,PHE,112
A0A2E4L4E8,PHE,109
A0A2E5A0G3,PHE,152
A0A2E4VHB2,PHE,113
A0A2E5F9T0,PHE,111
A0A2E5FVN3,PHE,120
A0A2E5FYW6,PHE,119
A0A2E5LFP8,PHE,112
A0A2E5LG30,PHE,110
A0A2E5LG30,PHE,119
A0A2E6HN24,PHE,112
A0A2E6TSS3,PHE,114
A0A2E6V7B6,PHE,119
A0A2E6TFD4,PHE,114
A0A2E7P043,PHE,114
A0A2E8RTV9,PHE,113
A0A2E8DR23,PHE,113
A0A2E8UKE6,PHE,114
A0A2E9AP86,PHE,113
A0A2E9CW58,PHE,112
A0A2E9RVA5,PHE,114
A0A2E9WUM2,PHE,119
A0A2G0YZQ9,PHE,116
A0A2G1VIK1,PHE,116
A0A2G1VGF2,PHE,119
A0A2G1DF59,PHE,112
A0A2G1ZA90,PHE,119
A0A2G2DGY8,PHE,109
A0A2G2IF39,PHE,116
A0A2G2IG62,PHE,121
A0A2G2I5S1,PHE,129
A0A2G2G910,PHE,109
A0A2G2G910,PHE,120
A0A2G2MSJ1,PHE,109
A0A2G2MSJ1,PHE,120
A0A2G2PCC6,PHE,109
A0A2G2PCC6,PHE,120
A0A2G2NL87,PHE,119
A0A2G2QEV2,PHE,111
A0A2G2QBV4,PHE,121
A0A2G3PZH0,PHE,114
A0A2G3LBA1,PHE,125
A0A2G4D3B8,PHE,124
A0A2G2LM83,PHE,111
A0A2G4R990,PHE,124
A0A2G5IPF1,PHE,117
A0A2G5FUF0,PHE,108
A0A2G5N6F1,PHE,116
A0A2G6CM40,PHE,116
A0A2G6DRW5,PHE,111
A0A2G6EL21,PHE,108
A0A2G6TMC6,PHE,109
A0A2G6TZQ6,PHE,123
A0A2G6ZKN6,PHE,117
A0A2G6ZRI0,PHE,123
A0A2G7GSS8,PHE,116
A0A2G7GKJ3,PHE,116
A0A2G7TAM7,PHE,123
A0A2G9EIZ7,PHE,108
A0A2G9EIZ7,PHE,109
A0A2G9FKC8,PHE,108
A0A2G9FKC8,PHE,109
A0A2G9WPH9,PHE,124
A0A2G9ZZY8,PHE,114
A0A2H2Z5H3,PHE,116
A0A2H2YM35,PHE,116
A0A2H6J8H6,PHE,114
A0A2H6BW74,PHE,116
A0A2H6LF76,PHE,116
A0A2H6GTA5,PHE,116
A0A2H6G364,PHE,114
A0A2I3CDU2,PHE,110
A0A2I1J5W7,PHE,116
A0A2I8ENX9,PHE,116
A0A2I1J3C5,PHE,115
A0A2I8EWP4,PHE,117
A0A2I8EYC0,PHE,129
A0A2I9DJY8,PHE,109
A0A2I8F461,PHE,124
A0A2I8F446,PHE,124
A0A2I9DVJ5,PHE,129
A0A2J6IWB2,PHE,113
A0A2J0YXB1,PHE,125
A0A2J9VJD5,PHE,111
A0A2J7TIR7,PHE,124
A0A2J9UZ73,PHE,110
A0A2J9V1F8,PHE,107
A0A2K0X2L1,PHE,115
A0A2K0XTQ7,PHE,111
A0A2K1EK77,PHE,124
A0A2K1NZX5,PHE,112
A0A2K1PIK7,PHE,112
A0A2K1QDJ1,PHE,116
A0A2K1SVK7,PHE,115
A0A2K1P8Q8,PHE,112
A0A2K3V0X0,PHE,135
A0A2K2HAE1,PHE,113
A0A2K4FLS0,PHE,116
A0A2K4KXV9,PHE,116
A0A2K4WYQ7,PHE,124
A0A2K4Y4W3,PHE,118
A0A2K4YBV8,PHE,124
A0A2K8KYM7,PHE,105
A0A2K8KYM7,PHE,112
A0A2K7SQX5,PHE,110
A0A2K8L5F3,PHE,105
A0A2K8L5F3,PHE,112
A0A2K8NVQ7,PHE,93
A0A2K8NSP9,PHE,94
A0A2K8UGC6,PHE,114
A0A2K8UF57,PHE,119
A0A2K8SST0,PHE,111
A0A2K8WQU6,PHE,116
A0A2K9BSF9,PHE,116
A0A2K9IVV3,PHE,124
A0A2L0H5J2,PHE,125
A0A2L0ELY2,PHE,113
A0A2L1J811,PHE,116
A0A2L0TTK6,PHE,124
A0A2L1UL96,PHE,127
A0A2L2LL22,PHE,124
A0A2L1VFF9,PHE,117
A0A2L2XSC6,PHE,116
A0A2L2NB39,PHE,116
A0A2L2NTF9,PHE,116
A0A2M6UEY5,PHE,124
A0A2M7HC91,PHE,112
A0A2M7L4X1,PHE,105
A0A2M7L4X1,PHE,112
A0A2M7THR6,PHE,106
A0A2M7PZJ4,PHE,112
A0A2M8K1J7,PHE,110
A0A2M7WAB7,PHE,113
A0A2M7WQR4,PHE,105
A0A2M7WQR4,PHE,112
A0A2M8R681,PHE,124
A0A2M8K655,PHE,116
A0A2M8T2R3,PHE,124
A0A2M8S1P7,PHE,116
A0A2M8T8U2,PHE,114
A0A2M8TA21,PHE,119
A0A2M8TA21,PHE,121
A0A2M8Z4C0,PHE,114
A0A2M8YJ25,PHE,125
A0A2M9H8W6,PHE,115
A0A2M9HF25,PHE,115
A0A2M9HLJ4,PHE,115
A0A2M9JXV6,PHE,122
A0A2M9JXV6,PHE,124
A0A2M9HQI6,PHE,115
A0A2M9TZB6,PHE,122
A0A2M9Q903,PHE,150
A0A2M9W8Q8,PHE,124
A0A2M9YE84,PHE,166
A0A2M9YE84,PHE,171
A0A2N0HX99,PHE,125
A0A2N0LD92,PHE,107
A0A2N0N1J8,PHE,116
A0A2N0T406,PHE,115
A0A2N0V6G1,PHE,114
A0A2N0V8V4,PHE,113
A0A2N0W5T0,PHE,127
A0A2N0WG69,PHE,116
A0A2N0Z5Q7,PHE,124
A0A2N0XPC8,PHE,110
A0A2N1HH08,PHE,121
A0A2N1IZX9,PHE,112
A0A2N1JZU5,PHE,150
A0A2N2AF69,PHE,114
A0A2N2EAJ8,PHE,122
A0A2N2JB06,PHE,114
A0A2N2Q3C8,PHE,126
A0A2N3F8P8,PHE,160
A0A2N3F8P8,PHE,161
A0A2N3C2F6,PHE,111
A0A2N3B8M5,PHE,112
A0A2N2YE44,PHE,112
A0A2N3HUY8,PHE,114
A0A2N3HV03,PHE,114
A0A2N3KU04,PHE,113
A0A2N3LL53,PHE,124
A0A2N3PXR6,PHE,114
A0A2N3QGI5,PHE,115
A0A2N3PXR9,PHE,113
A0A2N3QPB4,PHE,115
A0A2N3R6R2,PHE,115
A0A2N3QVY6,PHE,115
A0A2N3QWR2,PHE,115
A0A2N4T566,PHE,125
A0A2N3RCM5,PHE,115
A0A2N5CC63,PHE,115
A0A2N5CGF3,PHE,127
A0A2N5EC46,PHE,116
A0A2N5EBN3,PHE,124
A0A2N5EZU7,PHE,116
A0A2N5EKL6,PHE,124
A0A2N5F386,PHE,108
A0A2N5HVP8,PHE,108
A0A2N5GN17,PHE,108
A0A2N5JCI4,PHE,115
A0A2N5IXW2,PHE,115
A0A2N5J4B2,PHE,116
A0A2N5ITW6,PHE,115
A0A2N5NCD1,PHE,101
A0A2N5MZY9,PHE,101
A0A2N5ZYM6,PHE,112
A0A2N6DZ09,PHE,113
A0A2N6D7N1,PHE,113
A0A2N6DA71,PHE,113
A0A2N6F4H6,PHE,113
A0A2N6ET16,PHE,113
A0A2N6E7U7,PHE,113
A0A2N6E7U7,PHE,119
A0A2N6FVK2,PHE,112
A0A2N6F7Y6,PHE,113
A0A2N6EK41,PHE,113
A0A2N6G0N0,PHE,112
A0A2N6IIB1,PHE,125
A0A2N6J917,PHE,114
A0A2N6K9P8,PHE,116
A0A2N6LCG6,PHE,116
A0A2N6JUM3,PHE,116
A0A2N6RYY2,PHE,115
A0A2N6TP17,PHE,108
A0A2N6TP17,PHE,109
A0A2N7D4Z4,PHE,110
A0A2N7DCX5,PHE,111
A0A2N7JV28,PHE,110
A0A2N7I549,PHE,110
A0A2N7JD43,PHE,110
A0A2N7K0E9,PHE,111
A0A2N7HWG1,PHE,110
A0A2N7FDU6,PHE,111
A0A2N7N3P8,PHE,110
A0A2N7GD71,PHE,111
A0A2N7RH58,PHE,125
A0A2N7VJL5,PHE,123
A0A2N7XYA9,PHE,116
A0A2N7Z2Z4,PHE,116
A0A2N8SQK4,PHE,111
A0A2N9ASV9,PHE,124
A0A2N8ZG43,PHE,110
A0A2P1UKQ9,PHE,116
A0A2P2BUQ7,PHE,109
A0A2P4R705,PHE,113
A0A2P5M619,PHE,114
A0A2P5THW2,PHE,110
A0A2P5LF74,PHE,114
A0A2P5MY74,PHE,114
A0A2P5N906,PHE,114
A0A2P5LVV9,PHE,126
A0A2P5MTQ6,PHE,113
A0A2P7R337,PHE,110
A0A2P7R7V7,PHE,110
A0A2P8F340,PHE,116
A0A2P7RPM9,PHE,118
A0A2P7UZ13,PHE,108
A0A2P8MG42,PHE,114
A0A2P8KJB8,PHE,121
A0A2P8QJC3,PHE,116
A0A2P8QN74,PHE,116
A0A2P8W6C7,PHE,116
A0A2P9AP78,PHE,125
A0A2P8K9D7,PHE,131
A0A2R3JL77,PHE,124
A0A2R3QSB3,PHE,108
A0A2R4M269,PHE,123
A0A2R4VVJ8,PHE,123
A0A2R5F3F6,PHE,119
A0A2R5FTQ2,PHE,116
A0A2R5HFN0,PHE,125
A0A2R7M4M1,PHE,125
A0A2S0JMY8,PHE,124
A0A2S0KGD2,PHE,125
A0A2S1KTD1,PHE,126
A0A2S0NKK9,PHE,94
A0A2S1KSB3,PHE,121
A0A2S3R771,PHE,110
A0A2S2BVD8,PHE,115
A0A2S2BVD8,PHE,123
A0A2S3WEC6,PHE,116
A0A2S3YPL0,PHE,125
A0A2S4LYC4,PHE,116
A0A2S4K0L4,PHE,114
A0A2S4Z3M3,PHE,119
A0A2S4ZCT3,PHE,117
A0A2S5G8B7,PHE,124
A0A2S5E325,PHE,116
A0A2S5EFX7,PHE,112
A0A2S5MEQ5,PHE,124
A0A2S5RH39,PHE,104
A0A2S5N0Q6,PHE,124
A0A2S5KX47,PHE,116
A0A2S6ANW8,PHE,119
A0A2S5ZZQ0,PHE,119
A0A2S5Z4U3,PHE,119
A0A2S6FT67,PHE,118
A0A2S6MFQ1,PHE,124
A0A2S6H332,PHE,114
A0A2S6MGL9,PHE,133
A0A2S6RPI6,PHE,112
A0A2S6RQ11,PHE,110
A0A2S6RQ11,PHE,119
A0A2S6HVV5,PHE,114
A0A2S6RU91,PHE,110
A0A2S6RU91,PHE,119
A0A2S6SPM8,PHE,110
A0A2S6SPM8,PHE,119
A0A2S6S091,PHE,110
A0A2S6S091,PHE,119
A0A2S6VG59,PHE,116
A0A2S6RUJ2,PHE,112
A0A2S7FET3,PHE,114
A0A2S7TT80,PHE,117
A0A2S7V0K0,PHE,110
A0A2S7X0K3,PHE,110
A0A2S7X5Q4,PHE,110
A0A2S8DI31,PHE,116
A0A2S8DGS2,PHE,116
A0A2S8BCH2,PHE,124
A0A2S8HNZ2,PHE,116
A0A2S8I8R7,PHE,127
A0A2S8IKE9,PHE,132
A0A2S8J9F0,PHE,115
A0A2S8J9F0,PHE,123
A0A2S8RH52,PHE,124
A0A2S8VS03,PHE,150
A0A2S8XVA0,PHE,116
A0A2S9E7U2,PHE,116
A0A2S9IFG6,PHE,116
A0A2S9I4U8,PHE,124
A0A2S9JZT0,PHE,126
A0A2S9KGT0,PHE,117
A0A2S9N047,PHE,116
A0A2S9QDS2,PHE,126
A0A2S9QLH2,PHE,117
A0A2T0HWB7,PHE,124
A0A2T0BBT2,PHE,114
A0A2T0KN17,PHE,115
A0A2T0R5Z3,PHE,124
A0A2T0QBH0,PHE,115
A0A2T0TPJ6,PHE,125
A0A2T1C5E5,PHE,116
A0A2T1LVE2,PHE,116
A0A2T1E9N3,PHE,116
A0A2T2YC60,PHE,125
A0A2T2VZH3,PHE,116
A0A2T2Z3P6,PHE,119
A0A2T2Z7B4,PHE,119
A0A2T3GFZ9,PHE,115
A0A2T3IWX7,PHE,110
A0A2T3JLG8,PHE,110
A0A2T3L6F7,PHE,110
A0A2T3MY39,PHE,110
A0A2T3NT59,PHE,110
A0A2T3NCV1,PHE,110
A0A2T4INV9,PHE,125
A0A2T4STW7,PHE,124
A0A2T4PWB5,PHE,124
A0A2T5HK81,PHE,107
A0A2T5FZM3,PHE,124
A0A2T5G6M6,PHE,117
A0A2T5AIG1,PHE,124
A0A2T5J0F0,PHE,119
A0A2T5NGF6,PHE,116
A0A2T5RIQ1,PHE,112
A0A2T5PH46,PHE,108
A0A2T6DL00,PHE,114
A0A2T6DF83,PHE,114
A0A2T6GFX4,PHE,116
A0A2T6N1Q8,PHE,113
A0A2T6N1I3,PHE,114
A0A2T6NAL0,PHE,119
A0A2T6NKF7,PHE,113
A0A2T6NR51,PHE,114
A0A2T8FBT4,PHE,125
A0A2T7W6U1,PHE,125
A0A2U0A165,PHE,114
A0A2U0AEV4,PHE,119
A0A2T9ZRX8,PHE,114
A0A2U0AGA2,PHE,113
A0A2U0AGA2,PHE,119
A0A2U0AEJ1,PHE,113
A0A2U1D6H6,PHE,124
A0A2U0SSY9,PHE,125
A0A2U1IKD1,PHE,118
A0A2U1QTU2,PHE,109
A0A2U1W9S2,PHE,113
A0A2U1WNS0,PHE,125
A0A2U1XNU7,PHE,113
A0A2U2MTA9,PHE,115
A0A2U2B5A0,PHE,114
A0A2U2BH76,PHE,124
A0A2U2NA70,PHE,115
A0A2U2ZKY0,PHE,119
A0A2U3IC28,PHE,117
A0A2U3MVQ1,PHE,116
A0A2U3N5I5,PHE,124
A0A2U3NMH8,PHE,117
A0A2U3PFL2,PHE,124
A0A2U3NYM1,PHE,124
A0A2U8DR08,PHE,114
A0A2U8DYQ6,PHE,108
A0A2U8PP71,PHE,124
A0A2U8P883,PHE,124
A0A2U8PQF1,PHE,126
A0A2U8QL64,PHE,124
A0A2U8W8H5,PHE,124
A0A2U9PIC2,PHE,151
A0A2U9PR88,PHE,121
A0A2U9PRD6,PHE,116
A0A2U9PRD6,PHE,117
A0A2V1HLK2,PHE,113
A0A2V1GVU5,PHE,109
A0A2V1HT57,PHE,111
A0A2V1M2U3,PHE,125
A0A2U9T472,PHE,116
A0A2V2BEV7,PHE,127
A0A2V2DUT4,PHE,114
A0A2V2RU86,PHE,114
A0A2V2CGC5,PHE,114
A0A2V2Z113,PHE,114
A0A2V3A7U2,PHE,108
A0A2V3PQN9,PHE,120
A0A2V3Y5Q0,PHE,114
A0A2V3TX73,PHE,124
A0A2V3UI68,PHE,121
A0A2V3ZVA1,PHE,114
A0A2V4R4I9,PHE,125
A0A2V4W9T1,PHE,124
A0A2V9JPN2,PHE,114
A0A2V8DDH2,PHE,133
A0A2V9XBF6,PHE,124
A0A2W0EVN0,PHE,116
A0A2W0GBS3,PHE,116
A0A2W4ICL8,PHE,110
A0A2W4B5M0,PHE,125
A0A2W4LB07,PHE,116
A0A2W4QYK0,PHE,114
A0A2W4U4L5,PHE,117
A0A2W4WCW0,PHE,116
A0A2W5RX57,PHE,122
A0A2W7A7G4,PHE,116
A0A2W7BL41,PHE,117
A0A2W7IRJ3,PHE,108
A0A2W7BHN3,PHE,116
A0A2W7CHD2,PHE,125
A0A2W7KYB8,PHE,116
A0A2X4RMP2,PHE,124
A0A2X4V527,PHE,122
A0A2X7FU82,PHE,116
A0A2Z2KKI0,PHE,114
A0A2Z3GRM9,PHE,123
A0A2Z3IDD4,PHE,117
A0A2Z2Q913,PHE,124
A0A2Z3UKL4,PHE,111
A0A2Z4MD71,PHE,108
A0A2Z3YMS0,PHE,117
A0A2Z4REZ8,PHE,124
A0A2Z4PY57,PHE,116
A0A2Z4PXH7,PHE,110
A0A2Z4RF12,PHE,116
A0A2Z4XWN6,PHE,115
A0A2Z4ZPV3,PHE,116
A0A2Z5G9G2,PHE,124
A0A2Z5N466,PHE,116
A0A2Z5T5C6,PHE,116
A0A2Z6AV39,PHE,107
A0A2Z6AV39,PHE,114
A0A2Z6CRR6,PHE,116
A0A2Z6CM10,PHE,116
A0A315ANF3,PHE,123
A0A2Z6UWW7,PHE,116
A0A315QRV8,PHE,112
A0A315XXW0,PHE,113
A0A316H5B9,PHE,125
A0A316JNV8,PHE,111
A0A316R6L2,PHE,112
A0A317CEQ2,PHE,109
A0A317M4E7,PHE,113
A0A317M4E7,PHE,120
A0A317YV95,PHE,124
A0A318A249,PHE,110
A0A317TZP4,PHE,114
A0A317ZH34,PHE,124
A0A317ZGY9,PHE,113
A0A318I765,PHE,126
A0A318IDR8,PHE,109
A0A318QPG7,PHE,125
A0A318MHM4,PHE,115
A0A318R053,PHE,112
A0A318UUY4,PHE,110
A0A318QTY6,PHE,124
A0A318V511,PHE,116
A0A318VQA8,PHE,113
A0A323TTZ9,PHE,108
A0A323TTZ9,PHE,109
A0A327NPL3,PHE,113
A0A327R7F7,PHE,109
A0A327U1A2,PHE,110
A0A323UTU4,PHE,111
A0A327UH95,PHE,125
A0A327WZ56,PHE,113
A0A328FKV5,PHE,112
A0A328PXC0,PHE,112
A0A328UL05,PHE,114
A0A328XJQ3,PHE,124
A0A328YW68,PHE,123
A0A328Y4D6,PHE,111
A0A329EPX7,PHE,124
A0A329HLF8,PHE,116
A0A329KJI4,PHE,124
A0A329M6R7,PHE,101
A0A329YCI6,PHE,116
A0A330H427,PHE,125
A0A334NZC8,PHE,115
A0A330GXN8,PHE,125
A0A345DEB1,PHE,113
A0A345PKG8,PHE,124
A0A345YS09,PHE,124
A0A346RZZ1,PHE,119
A0A346R5F7,PHE,115
A0A346CC71,PHE,119
A0A346UCH0,PHE,109
A0A347WFU4,PHE,125
A0A347THK2,PHE,112
A0A348NP03,PHE,113
A0A347U584,PHE,112
A0A347WIY2,PHE,124
A0A349DA24,PHE,114
A0A349GNN0,PHE,113
A0A349GBL4,PHE,109
A0A349HCQ0,PHE,114
A0A349HGF5,PHE,104
A0A349HGF5,PHE,111
A0A349MVN4,PHE,125
A0A349L4X8,PHE,123
A0A349MX00,PHE,124
A0A349MX01,PHE,125
A0A349VQL6,PHE,113
A0A349YSA5,PHE,114
A0A349WDQ4,PHE,114
A0A350HYM4,PHE,114
A0A350KQ83,PHE,114
A0A350XFQ5,PHE,116
A0A350U5Y5,PHE,101
A0A351HD24,PHE,113
A0A350R037,PHE,98
A0A350Y2U0,PHE,116
A0A350XYR0,PHE,114
A0A351PUV5,PHE,113
A0A350WZQ3,PHE,107
A0A351LCP8,PHE,116
A0A351YZE0,PHE,113
A0A352N3K9,PHE,113
A0A352KLD1,PHE,111
A0A352WKH3,PHE,113
A0A352X083,PHE,113
A0A352XGC3,PHE,116
A0A352T252,PHE,108
A0A353DXN0,PHE,121
A0A353GR59,PHE,113
A0A353W508,PHE,111
A0A353S8X1,PHE,113
A0A353EZJ7,PHE,114
A0A354CMN4,PHE,114
A0A354IAM7,PHE,114
A0A354D4P4,PHE,113
A0A354K5X9,PHE,113
A0A354MWF9,PHE,114
A0A355G1I9,PHE,113
A0A354R9X4,PHE,116
A0A355SUK1,PHE,113
A0A355KTT3,PHE,114
A0A355W440,PHE,105
A0A355V5C0,PHE,113
A0A356LCT8,PHE,159
A0A355DKJ7,PHE,97
A0A356FZ44,PHE,114
A0A356KE26,PHE,116
A0A356KAJ2,PHE,17
A0A356T4X6,PHE,128
A0A356HSY4,PHE,127
A0A357ID11,PHE,116
A0A357A9P7,PHE,116
A0A357T6D7,PHE,110
A0A357VTW1,PHE,112
A0A358ASQ4,PHE,108
A0A358XUY4,PHE,119
A0A358S9B2,PHE,110
A0A363MWR2,PHE,109
A0A363CYY0,PHE,112
A0A364GZR7,PHE,116
A0A365PFC3,PHE,116
A0A365QXR0,PHE,116
A0A366C207,PHE,114
A0A366HSD2,PHE,120
A0A366JNP8,PHE,108
A0A366J2K8,PHE,116
A0A366KBL4,PHE,115
A0A366K968,PHE,115
A0A366J8E3,PHE,110
A0A366GS93,PHE,119
A0A366XUI8,PHE,124
A0A366XGP9,PHE,110
A0A367FT78,PHE,108
A0A367QKV0,PHE,116
A0A367R1J9,PHE,116
A0A367VFI8,PHE,116
A0A367X021,PHE,113
A0A368WA90,PHE,112
A0A368UU94,PHE,119
A0A368V1F5,PHE,111
A0A368VB25,PHE,114
A0A368ZTT5,PHE,110
A0A369TDA4,PHE,124
A0A369KFT0,PHE,124
A0A369ZA96,PHE,113
A0A370DA82,PHE,112
A0A370DLW2,PHE,121
A0A370DR89,PHE,114
A0A370DWV0,PHE,114
A0A370GGH3,PHE,119
A0A370FY23,PHE,124
A0A370KF32,PHE,121
A0A370LC86,PHE,122
A0A370NAP3,PHE,107
A0A370N7X8,PHE,120
A0A370UCP3,PHE,116
A0A370U8J4,PHE,104
A0A370U8J4,PHE,110
A0A371IXF1,PHE,109
A0A371PH40,PHE,114
A0A371PHX1,PHE,101
A0A371Q0Z2,PHE,122
A0A371WXI8,PHE,113
A0A371WWM3,PHE,121
A0A371XLA6,PHE,122
A0A371XLA6,PHE,124
A0A371YP17,PHE,112
A0A371YVS1,PHE,116
A0A371YWE5,PHE,125
A0A372BT59,PHE,117
A0A372J4A3,PHE,125
A0A372IJW8,PHE,113
A0A373FQH4,PHE,123
A0A373LV61,PHE,113
A0A373FJ50,PHE,117
A0A373UTM9,PHE,113
A0A374JW23,PHE,113
A0A374NNE1,PHE,107
A0A374NNE1,PHE,113
A0A374P870,PHE,114
A0A374AJ93,PHE,124
A0A374UJJ1,PHE,119
A0A374VW07,PHE,113
A0A375I5L7,PHE,107
A0A375I5L7,PHE,113
A0A375I5L7,PHE,114
A0A377GGP4,PHE,114
A0A377G753,PHE,115
A0A377GWN4,PHE,108
A0A377GWN4,PHE,109
A0A378I3E4,PHE,115
A0A378JBC7,PHE,115
A0A378JW04,PHE,115
A0A378IYB5,PHE,115
A0A378X4V4,PHE,119
A0A378W7V6,PHE,125
A0A378YIK0,PHE,125
A0A379B7Z7,PHE,116
A0A379AXU4,PHE,114
A0A379IFS8,PHE,116
A0A379CAT4,PHE,108
A0A379CAT4,PHE,109
A0A379IYD7,PHE,108
A0A379EWZ2,PHE,116
A0A379KNT0,PHE,116
A0A380BV38,PHE,124
A0A380T2C4,PHE,116
A0A380WPS1,PHE,125
A0A380UNJ7,PHE,112
A0A383RCB9,PHE,150
A0A383RPZ7,PHE,108
A0A383RXE6,PHE,116
A0A384LPR8,PHE,116
A0A383RJR9,PHE,114
A0A385EX66,PHE,115
A0A386U7C0,PHE,124
A0A386PSX7,PHE,124
A0A387BN52,PHE,123
A0A387BF54,PHE,125
A0A387BNR4,PHE,111
A0A387BIJ8,PHE,120
A0A387GAV0,PHE,124
A0A387FV42,PHE,124
A0A388RTJ9,PHE,136
A0A389ML18,PHE,124
A0A395JK69,PHE,118
A0A391P9J8,PHE,124
A0A395KZW0,PHE,125
A0A395VCN2,PHE,172
A0A395UC87,PHE,107
A0A395XID7,PHE,115
A0A397ML80,PHE,108
A0A399IZE7,PHE,104
A0A399IUF6,PHE,114
A0A3A0W8A5,PHE,124
A0A3A1PRA3,PHE,110
A0A3A0FGX0,PHE,116
A0A3A1WU26,PHE,115
A0A3A1X3H5,PHE,115
A0A3A1WX00,PHE,115
A0A3A1XA66,PHE,115
A0A3A1XWE5,PHE,115
A0A3A1XUT2,PHE,115
A0A3A1XGM5,PHE,115
A0A3A1XTA1,PHE,115
A0A3A2I4X8,PHE,110
A0A3A4QI83,PHE,107
A0A3A4QI83,PHE,114
A0A3A4W3E1,PHE,114
A0A3A4T3J7,PHE,107
A0A3A4T3J7,PHE,114
A0A3A6PSX3,PHE,101
A0A3A5KKE4,PHE,125
A0A3A6JL52,PHE,113
A0A3A6QTJ5,PHE,110
A0A3A8F467,PHE,115
A0A3A8KL59,PHE,126
A0A3A8YFE4,PHE,114
A0A3A8F7Z0,PHE,116
A0A3A8TXU1,PHE,126
A0A3A9GIL9,PHE,113
A0A3A8W592,PHE,114
A0A3A9BTR2,PHE,114
A0A3A9SAI1,PHE,114
A0A3A9U9Z3,PHE,111
A0A3A8RY71,PHE,126
A0A3A9SVH3,PHE,114
A0A3A9SF94,PHE,114
A0A3B0CN95,PHE,101
A0A3B0BVZ2,PHE,122
A0A3B0BVZ2,PHE,124
A0A3B8JUH6,PHE,116
A0A3B8Y3E5,PHE,116
A0A3B8WS13,PHE,111
A0A3B8SWT5,PHE,113
A0A3B8VW30,PHE,108
A0A3B9BE40,PHE,115
A0A3B8XQ07,PHE,112
A0A3B9JGP2,PHE,120
A0A3B9IW37,PHE,113
A0A3B9K1U6,PHE,119
A0A3B9Z918,PHE,112
A0A3B9PMT1,PHE,118
A0A3B9URX9,PHE,108
A0A3C0AUF1,PHE,115
A0A3C0BKS2,PHE,110
A0A3C0FVU3,PHE,116
A0A3C0N993,PHE,116
A0A3C0QP55,PHE,113
A0A3C0TF28,PHE,113
A0A3C1H539,PHE,113
A0A3C0I2J3,PHE,114
A0A3C1SRX0,PHE,114
A0A3D0JMN7,PHE,108
A0A3D0XMQ9,PHE,120
A0A3D0KN50,PHE,114
A0A3D1A004,PHE,117
A0A3D0ST01,PHE,114
A0A3D1K4L8,PHE,113
A0A3D1T3T5,PHE,110
A0A3D1URZ1,PHE,115
A0A3D1TPK5,PHE,115
A0A3D1R7F5,PHE,114
A0A3D1Z3Y0,PHE,110
A0A3D1VF44,PHE,112
A0A3D1ZT48,PHE,115
A0A3D2HV57,PHE,114
A0A3D2R5T9,PHE,110
A0A3D2R5T9,PHE,119
A0A3D2I464,PHE,113
A0A3D2N5M1,PHE,113
A0A3D2TPJ8,PHE,113
A0A3D2SQV3,PHE,115
A0A3D2VMS9,PHE,179
A0A3D2X1D4,PHE,114
A0A3D3M3L1,PHE,108
A0A3D4CF13,PHE,111
A0A3D4LUQ7,PHE,113
A0A3D4FB57,PHE,120
A0A3D4S6A2,PHE,124
A0A3D4VUI8,PHE,143
A0A3D4S1W5,PHE,107
A0A3D4S1W5,PHE,114
A0A3D4XPV6,PHE,112
A0A3D5BP81,PHE,112
A0A3D4Y4P6,PHE,113
A0A3D4XCM3,PHE,97
A0A3D5MSL0,PHE,114
A0A3D5MSM0,PHE,114
A0A3D5PRW0,PHE,118
A0A3D5R7C3,PHE,106
A0A3D5R7C3,PHE,111
A0A3D5TQI6,PHE,114
A0A3D5RW38,PHE,103
A0A3D5RY98,PHE,109
A0A3D6A560,PHE,117
A0A3D6D6S7,PHE,153
A0A3D8JTV8,PHE,116
A0A3D8H2H5,PHE,119
A0A3D8TQI9,PHE,124
A0A3D8X195,PHE,124
A0A3D8ZAN4,PHE,124
A0A3D9MGS9,PHE,115
A0A3D9Z2L8,PHE,124
A0A3E0C696,PHE,117
A0A3E0CM28,PHE,124
A0A3E0CJH2,PHE,115
A0A3E0L1B0,PHE,116
A0A3E0DAH0,PHE,110
A0A3E0TXV6,PHE,111
A0A3E0LPB3,PHE,116
A0A3E0M171,PHE,116
A0A3E0TRM2,PHE,111
A0A3E0UG48,PHE,111
A0A3E0WPA9,PHE,124
A0A3E1IWB7,PHE,115
A0A3E1J093,PHE,115
A0A3E1NHC3,PHE,120
A0A3E1I4V3,PHE,116
A0A3E2CM69,PHE,115
A0A3E2D8L1,PHE,115
A0A3E2XJJ4,PHE,116
A0A3E2V3J5,PHE,115
A0A3E2CQ99,PHE,115
A0A3E2N780,PHE,114
A0A3E3E7Y1,PHE,113
A0A3E2TJ32,PHE,116
A0A3G2HU52,PHE,124
A0A3G2E4H7,PHE,125
A0A3F3GSN6,PHE,125
A0A3F3H5P9,PHE,125
A0A3F3MLC6,PHE,117
A0A3G2I9H2,PHE,124
A0A3G4VPJ5,PHE,116
A0A3F3L5F4,PHE,115
A0A3G5UBK1,PHE,150
A0A3G6UU71,PHE,124
A0A3G6YJ32,PHE,117
A0A3G7TQ46,PHE,116
A0A3G7UC55,PHE,116
A0A3G7YCS4,PHE,116
A0A3G8H902,PHE,115
A0A3G8R521,PHE,124
A0A3G9ISY2,PHE,124
A0A3G9JVA2,PHE,116
A0A3L6M3D9,PHE,123
A0A3L9M5F3,PHE,116
A0A3M0A9L1,PHE,103
A0A3M0A9L1,PHE,109
A0A3M0T0B4,PHE,114
A0A3M1DJ53,PHE,119
A0A3M1D5H5,PHE,114
A0A3M1DRC0,PHE,113
A0A3M1L2A9,PHE,116
A0A3M1UM90,PHE,114
A0A3M1T2W4,PHE,115
A0A3M1WS21,PHE,114
A0A3M2C2A9,PHE,114
A0A3M2F8Q4,PHE,105
A0A3M2F8Q4,PHE,112
A0A3M2ECJ0,PHE,112
A0A3M1V8J6,PHE,114
A0A3M1ZQQ0,PHE,105
A0A3M1ZQQ0,PHE,112
A0A3M2KYU5,PHE,125
A0A3M3E1A0,PHE,116
A0A3M3EAI4,PHE,123
A0A3M4AFQ3,PHE,108
A0A3M4B8L1,PHE,116
A0A3M5PA62,PHE,124
A0A3M3RKD7,PHE,124
A0A3M4LR00,PHE,116
A0A3M5X3T9,PHE,124
A0A3M5UJQ6,PHE,116
A0A3M5ZGI9,PHE,124
A0A3M8AWD0,PHE,108
A0A3M8D5L5,PHE,108
A0A3M8CFI7,PHE,108
A0A3M8BB35,PHE,108
A0A3M8DW34,PHE,109
A0A3M9XHW9,PHE,126
A0A3M8Q9E6,PHE,110
A0A3M9XG35,PHE,125
A0A3M8SZU5,PHE,109
A0A3M9Z0S3,PHE,116
A0A3N0C1E3,PHE,120
A0A3N1R1B7,PHE,119
A0A3N1VY73,PHE,124
A0A3N1Y8I1,PHE,107
A0A3N1Y8I1,PHE,114
A0A3N2DDP0,PHE,111
A0A3N2EVL6,PHE,127
A0A3N2ETB1,PHE,105
A0A3N3E418,PHE,110
A0A3N4RUA3,PHE,110
A0A3N4SY49,PHE,119
A0A3N5QUA2,PHE,113
A0A3N6PHJ8,PHE,117
A0A3N7BE33,PHE,124
A0A3N7BQ82,PHE,130
A0A3N7BQ82,PHE,135
A0A3N8A5F5,PHE,124
A0A3N8ASH7,PHE,116
A0A3N8C7M5,PHE,116
A0A3N8FY98,PHE,116
A0A3N8HZI0,PHE,116
A0A3N8L8T1,PHE,121
A0A3N8IXI5,PHE,116
A0A3N8Q9R7,PHE,116
A0A3N8SHP7,PHE,116
A0A3N9ULQ6,PHE,119
A0A3P0MLW5,PHE,116
A0A3N9RR84,PHE,118
A0A3N9TI06,PHE,125
A0A3P0NKS1,PHE,116
A0A3P1BFL2,PHE,113
A0A3P1V5S5,PHE,108
A0A3P1V5S5,PHE,109
A0A3P3EUN8,PHE,124
A0A3P3G5W5,PHE,125
A0A3P3U3B9,PHE,124
A0A3Q0L3K7,PHE,110
A0A3Q0L5Q3,PHE,111
A0A3P6LGJ2,PHE,116
A0A3Q8CDJ4,PHE,124
A0A3Q8CYA8,PHE,124
A0A3Q8V511,PHE,123
A0A3Q8XKL0,PHE,112
A0A3Q8ZBF5,PHE,125
A0A3Q9AEA1,PHE,125
A0A3Q9FC71,PHE,116
A0A3Q9S9S6,PHE,121
A0A3R5Y622,PHE,113
A0A3R6MWE0,PHE,113
A0A3R6SGY9,PHE,113
A0A3R6MF40,PHE,113
A0A3R6RUC0,PHE,113
A0A3R6NUY8,PHE,113
A0A3R8J9K2,PHE,113
A0A3R6UDC0,PHE,113
A0A3R7RD91,PHE,129
A0A3R6YEW0,PHE,133
A0A3R8RZ79,PHE,124
A0A3R8WHB3,PHE,116
A0A3R9CM60,PHE,116
A0A3R9BQI7,PHE,108
A0A3R9E0E7,PHE,117
A0A3R9D343,PHE,116
A0A3R9G6J0,PHE,110
A0A3R9REF6,PHE,117
A0A3R9Z4C5,PHE,122
A0A3S0KVT9,PHE,110
A0A3S0PLP0,PHE,110
A0A3S0F8V7,PHE,125
A0A3S0PNN9,PHE,124
A0A3S0Z2U5,PHE,109
A0A3S0UF52,PHE,114
A0A3S1C0C0,PHE,135
A0A3S1ECS4,PHE,125
A0A3S1FET8,PHE,125
A0A3S1FVV4,PHE,125
A0A3S1I6Z4,PHE,125
A0A3S1NSI7,PHE,125
A0A3S1LWT0,PHE,125
A0A3S1NU53,PHE,125
A0A3S1Q8J2,PHE,125
A0A3S1PI81,PHE,124
A0A3S1U808,PHE,125
A0A3S2DWC7,PHE,125
A0A3S2UZQ8,PHE,131
A0A3S3DE15,PHE,125
A0A3S3FQW5,PHE,125
A0A3S3DUU4,PHE,125
A0A3S3KSC7,PHE,125
A0A3S3J7Y0,PHE,125
A0A3S3EN47,PHE,125
A0A3S3LRX8,PHE,125
A0A3S3JZF4,PHE,125
A0A3S3G820,PHE,125
A0A3S3NB50,PHE,124
A0A3S4BIL2,PHE,125
A0A3S5BD59,PHE,111
A0A3S5WZ56,PHE,124
A0A3S7TGY8,PHE,116
A0A3S8WMP5,PHE,121
A0A3S9CQE4,PHE,125
A0A3S9F820,PHE,125
A0A3S9EM93,PHE,125
A0A3T0RTL5,PHE,106
A0A3T0RTL5,PHE,112
A0A3T1D5E8,PHE,114
A0A3T1D3V9,PHE,128
A0A3T1D3V9,PHE,133
A0A3T4TC92,PHE,116
A0A3T2UWJ9,PHE,116
A0A401JAJ0,PHE,125
A0A401FNQ2,PHE,124
A0A401UMP3,PHE,108
A0A401X4V3,PHE,124
A0A402C958,PHE,125
A0A401WVI6,PHE,124
A0A402CTG8,PHE,125
A0A402D8S2,PHE,116
A0A410VH96,PHE,124
A0A411MID8,PHE,116
A0A411WHQ5,PHE,116
A0A413G7M1,PHE,119
A0A413FBD5,PHE,113
A0A413FF79,PHE,115
A0A413YV09,PHE,114
A0A414DE31,PHE,114
A0A415MCB2,PHE,114
A0A414B2C2,PHE,107
A0A414B2C2,PHE,113
A0A414Q2G4,PHE,108
A0A414Q2G4,PHE,109
A0A417GGG1,PHE,114
A0A418IJ42,PHE,124
A0A417Y9E0,PHE,115
A0A417Y9E0,PHE,124
A0A418IFJ7,PHE,124
A0A418REP0,PHE,116
A0A417ZI06,PHE,124
A0A418T543,PHE,101
A0A418X5U2,PHE,113
A0A418VX84,PHE,123
A0A419A353,PHE,114
A0A419DLW3,PHE,124
A0A419NBH1,PHE,127
A0A419STQ5,PHE,114
A0A419V4T4,PHE,124
A0A419UX10,PHE,124
A0A419X342,PHE,131
A0A420CZN9,PHE,123
A0A420WLW7,PHE,108
A0A420WW81,PHE,119
A0A421BN62,PHE,124
A0A421L0F3,PHE,115
A0A423DMJ1,PHE,116
A0A422M851,PHE,124
A0A420XRN0,PHE,111
A0A421K7D3,PHE,114
A0A423F7T6,PHE,116
A0A423GI40,PHE,116
A0A423JN78,PHE,124
A0A423KD45,PHE,125
A0A423KDQ9,PHE,125
A0A423NUD2,PHE,108
A0A423Q2T9,PHE,154
A0A424H6S0,PHE,107
A0A424H6S0,PHE,114
A0A423UGB6,PHE,115
A0A425Y184,PHE,114
A0A426WG16,PHE,114
A0A429FRC2,PHE,119
A0A429JT20,PHE,118
A0A429ZK11,PHE,124
A0A429ZRW6,PHE,124
A0A429ZQ95,PHE,124
A0A430F925,PHE,115
A0A430FQM2,PHE,115
A0A430AB93,PHE,111
A0A430FL25,PHE,115
A0A430FDU0,PHE,115
A0A430FH79,PHE,116
A0A430H8H9,PHE,128
A0A430H8H9,PHE,133
A0A431UEM5,PHE,124
A0A431WD54,PHE,110
A0A432HKY9,PHE,107
A0A432HKY9,PHE,114
A0A432RJW6,PHE,114
A0A432ENP0,PHE,114
A0A432FKG9,PHE,114
A0A432RQ19,PHE,110
A0A433A5C9,PHE,124
A0A433EZR8,PHE,111
A0A433N232,PHE,107
A0A433N232,PHE,116
A0A433B5H6,PHE,124
A0A433SHK0,PHE,120
A0A433VLL8,PHE,116
A0A434AXK8,PHE,114
A0A433WSR3,PHE,124
A0A434L8V8,PHE,125
A0A434CHQ9,PHE,125
A0A434AAI4,PHE,109
A0A434RWA0,PHE,125
A0A434FT60,PHE,125
A0A434NJS3,PHE,125
A0A434TJJ1,PHE,125
A0A435B677,PHE,125
A0A435FQU1,PHE,125
A0A435TSB6,PHE,125
A0A436CQE0,PHE,125
A0A436C1D2,PHE,125
A0A435YSZ7,PHE,125
A0A435TVB6,PHE,125
A0A437KH01,PHE,124
A0A436W643,PHE,125
A0A436FWV8,PHE,125
A0A437NMB5,PHE,116
A0A439GFV2,PHE,125
A0A439PRP1,PHE,125
A0A439JGH2,PHE,125
A0A439V807,PHE,125
A0A439F8N7,PHE,125
A0A439UAB5,PHE,125
A0A439W1K3,PHE,125
A0A439WA50,PHE,123
A0A440CUB0,PHE,125
A0A440B2H0,PHE,125
A0A440HFK6,PHE,125
A0A440EZT3,PHE,125
A0A440I2G1,PHE,125
A0A440IRZ1,PHE,125
A0A440PEG9,PHE,125
A0A441K4Z2,PHE,125
A0A442FGC5,PHE,125
A0A442FS20,PHE,125
A0A442B573,PHE,125
A0A441TE05,PHE,125
A0A442GX40,PHE,125
A0A442FAR0,PHE,125
A0A442KCX3,PHE,125
A0A442HZS0,PHE,125
A0A442HC87,PHE,125
A0A442NEX6,PHE,125
A0A442QCJ1,PHE,125
A0A442SQH4,PHE,125
A0A442WTA9,PHE,125
A0A443BL29,PHE,125
A0A443E430,PHE,125
A0A443ISU5,PHE,124
A0A442YFP4,PHE,125
A0A443K836,PHE,124
A0A443LN42,PHE,124
A0A443KF73,PHE,124
A0A443JRC4,PHE,123
A0A443VJF8,PHE,105
A0A443VJW4,PHE,127
A0A444HHP5,PHE,124
A0A444I7I1,PHE,124
A0A443YIN9,PHE,105
A0A443YIN9,PHE,112
A0A444JMM2,PHE,110
A0A444K585,PHE,125
A0A444W0B1,PHE,109
A0A446AX24,PHE,116
A0A446ZI76,PHE,115
A0A448T4T1,PHE,105
A0A448XXY8,PHE,111
A0A449GEC5,PHE,117
A0A450SNT3,PHE,114
A0A450SMW1,PHE,119
A0A450T4Q7,PHE,114
A0A450RY34,PHE,182
A0A450T4U4,PHE,114
A0A450U7W8,PHE,114
A0A450US20,PHE,188
A0A450THG2,PHE,114
A0A450UBX7,PHE,177
A0A450W1R7,PHE,179
A0A450X9Q6,PHE,114
A0A450ZEZ5,PHE,114
A0A450XJH7,PHE,123
A0A450YHF0,PHE,114
A0A450WKE8,PHE,114
A0A450ZRI5,PHE,114
A0A450WU19,PHE,188
A0A450YQW4,PHE,114
A0A451AX59,PHE,114
A0A451BDI5,PHE,123
A0A451BKV3,PHE,114
A0A455VL01,PHE,116
A0A482PNF6,PHE,105
A0A480A0E2,PHE,107
A0A480A0E2,PHE,116
A0A485AJK2,PHE,127
A0A494X8C6,PHE,126
A0A494XL84,PHE,128
A0A494XL84,PHE,133
A0A495E5G6,PHE,107
A0A495FHI2,PHE,123
A0A495I370,PHE,123
A0A495IME0,PHE,115
A0A495UAY2,PHE,118
A0A495T2Y0,PHE,117
A0A495SVN0,PHE,124
A0A495YQF8,PHE,116
A0A495ZG08,PHE,111
A0A496VY68,PHE,88
A0A496W1A9,PHE,114
A0A496VD49,PHE,114
A0A496R7F1,PHE,112
A0A496UM85,PHE,114
A0A497TQA3,PHE,114
A0A496Z896,PHE,114
A0A497XV32,PHE,120
A0A498CLM3,PHE,114
A0A498DL13,PHE,105
A0A498DL13,PHE,112
A0A4D4NC20,PHE,119
A0A4D7B4W7,PHE,125
A0A4P1AUU0,PHE,127
A0A4P2QIM4,PHE,113
A0A4P2PWB6,PHE,113
A0A4P5NWI3,PHE,125
A0A4P5W7X9,PHE,112
A0A4P5NTR9,PHE,124
A0A4P6A4I1,PHE,111
A0A4P6AMV7,PHE,110
A0A4P6A5H9,PHE,110
A0A4P6JJU7,PHE,125
A0A4P6HT00,PHE,124
A0A4P6JTS5,PHE,131
A0A4P6PIP3,PHE,110
A0A4P6U4H8,PHE,115
A0A4P7A4R4,PHE,117
A0A4P6YR11,PHE,124
A0A4P7B5Y8,PHE,116
A0A4P7LBF5,PHE,116
A0A4P7PM96,PHE,123
A0A4P7PGC5,PHE,116
A0A4P7TTR5,PHE,116
A0A4P7YTQ1,PHE,113
A0A4P8C746,PHE,116
A0A4P7ZQQ1,PHE,111
A0A4P8ICX2,PHE,124
A0A4P8YKV8,PHE,116
A0A4P8TFL4,PHE,124
A0A4P9CC62,PHE,101
A0A4P8SII9,PHE,116
A0A4P9URN8,PHE,114
A0A4Q0I1E0,PHE,116
A0A4Q0QFC9,PHE,124
A0A4Q0GLC5,PHE,124
A0A4Q0Z442,PHE,112
A0A4Q0XQC2,PHE,112
A0A4Q0YWR1,PHE,112
A0A4Q1A2S4,PHE,112
A0A4Q0ZBP8,PHE,112
A0A4Q1APS0,PHE,112
A0A4Q0YLL2,PHE,111
A0A4Q0YDD8,PHE,112
A0A4Q1C5Z7,PHE,114
A0A4Q1AR78,PHE,112
A0A4Q1V948,PHE,125
A0A4Q1UT63,PHE,126
A0A4Q1VM76,PHE,124
A0A4Q2AH78,PHE,116
A0A4Q3I0X2,PHE,134
A0A4Q2KUJ7,PHE,108
A0A4Q2KUJ7,PHE,109
A0A4Q4DCY5,PHE,123
A0A4Q4DK07,PHE,121
A0A4Q4GYQ6,PHE,116
A0A4Q4K3I5,PHE,124
A0A4Q5R6N7,PHE,117
A0A4Q5R6N7,PHE,126
A0A4Q5KFZ4,PHE,110
A0A4Q5AR59,PHE,115
A0A4Q5BHG9,PHE,115
A0A4Q5U6N2,PHE,111
A0A4Q5A9L9,PHE,115
A0A4Q5QJ68,PHE,115
A0A4Q5MXI4,PHE,124
A0A4Q7AN25,PHE,116
A0A4Q6GM67,PHE,124
A0A4Q6XHA0,PHE,116
A0A4Q7E1C3,PHE,115
A0A4Q7FBW1,PHE,124
A0A4Q7HUM4,PHE,116
A0A4Q7S6X1,PHE,127
A0A4Q7UWG3,PHE,125
A0A4Q7VSJ0,PHE,122
A0A4Q7Y3R9,PHE,120
A0A4Q7YWC2,PHE,123
A0A4Q8XQC2,PHE,124
A0A4Q8TBQ4,PHE,124
A0A4Q9DR56,PHE,101
A0A4Q9QMI0,PHE,108
A0A4R0JNK5,PHE,121
A0A4R0QYL9,PHE,111
A0A4R0QSM0,PHE,116
A0A4R0X088,PHE,124
A0A4R0KXT5,PHE,121
A0A4R0XGU6,PHE,129
A0A4R1GN60,PHE,111
A0A4R1H745,PHE,114
A0A4R1JZV7,PHE,109
A0A4R1MQY2,PHE,115
A0A4R1RAX6,PHE,123
A0A4R1RJF0,PHE,113
A0A4R1QKZ2,PHE,101
A0A4R1R6V3,PHE,113
A0A4R1XV37,PHE,116
A0A4R1WYI4,PHE,124
A0A4R1YGA8,PHE,116
A0A4R2B0U8,PHE,124
A0A4R2BQR8,PHE,125
A0A4R2H0W5,PHE,159
A0A4R2H2H4,PHE,121
A0A4R2TFX2,PHE,124
A0A4R2TVL0,PHE,108
A0A4R2YSU7,PHE,127
A0A4R3F3K9,PHE,123
A0A4R3I3Q6,PHE,123
A0A4R3I4B0,PHE,124
A0A4R3QML4,PHE,124
A0A4R3VAZ8,PHE,114
A0A4R3XCR5,PHE,124
A0A4R3ZEJ4,PHE,127
A0A4R4AFZ5,PHE,114
A0A4R4C1C3,PHE,116
A0A4R4RLL6,PHE,119
A0A4R4MGN8,PHE,119
A0A4R4VET4,PHE,121
A0A4R4U2Y5,PHE,119
A0A4R4WAT2,PHE,121
A0A4R4Z877,PHE,117
A0A4R4YAA6,PHE,124
A0A4R5EEU7,PHE,119
A0A4R5HE16,PHE,111
A0A4R5H2P2,PHE,108
A0A4R5JCK6,PHE,116
A0A4R5L4Z4,PHE,116
A0A4R5L9J2,PHE,117
A0A4R5V7G7,PHE,109
A0A4R5U719,PHE,116
A0A4R5XKS8,PHE,124
A0A4R5VKP8,PHE,108
A0A4R6EJ51,PHE,117
A0A4R6LPG2,PHE,112
A0A4R6M9U8,PHE,104
A0A4R6LHK0,PHE,109
A0A4R6VVG7,PHE,117
A0A4R6V601,PHE,120
A0A4R6X5M1,PHE,110
A0A4R7GHA8,PHE,127
A0A4R7VTY7,PHE,108
A0A4R7YTQ9,PHE,112
A0A4R8G738,PHE,108
A0A4R8EPL5,PHE,114
A0A4R8FPP4,PHE,114
A0A4R8H7Z4,PHE,121
A0A4R8IVA2,PHE,114
A0A4R8KCE2,PHE,115
A0A4R9EVD2,PHE,119
A0A4R9EQB6,PHE,122
A0A4R9EQB6,PHE,124
A0A4R9FY82,PHE,148
A0A4R9FY82,PHE,153
A0A4R9PVF8,PHE,125
A0A4R9K7R0,PHE,128
A0A4R9K7R0,PHE,133
A0A4R9QKC5,PHE,125
A0A4R9QET9,PHE,125
A0A4R9VZE7,PHE,125
A0A4S0G7H6,PHE,125
A0A4S0JMD5,PHE,125
A0A4S0KMI8,PHE,125
A0A4R9XRX8,PHE,125
A0A4S0S3H4,PHE,125
A0A4S0VZA3,PHE,125
A0A4S1GV29,PHE,124
A0A4S2ESA0,PHE,109
A0A4S2ESA0,PHE,116
A0A4S2GY68,PHE,114
A0A4S1FQQ2,PHE,125
A0A4S3LUI8,PHE,127
A0A4S4A5X8,PHE,123
A0A4S4BLA2,PHE,109
A0A4S4BQX6,PHE,150
A0A4S4F4D9,PHE,115
A0A4S5DL95,PHE,116
A0A4S5JI24,PHE,111
A0A4S8NPA8,PHE,127
A0A4S8PLM2,PHE,117
A0A4U0RHE8,PHE,124
A0A4U0S4A3,PHE,124
A0A4U1BCC1,PHE,114
A0A4T0UYS2,PHE,125
A0A4U0ZGH2,PHE,111
A0A4U1VI00,PHE,110
A0A4U1W6Q9,PHE,111
A0A4U1I4Y6,PHE,116
A0A4U1XDS8,PHE,111
A0A4U1Z6Z2,PHE,110
A0A4U2Q0R4,PHE,114
A0A4U3FC46,PHE,124
A0A4U3FFK9,PHE,114
A0A4U2Y9F4,PHE,108
A0A4U2YAQ8,PHE,150
A0A4U3MBF2,PHE,128
A0A4U5X6Q1,PHE,129
A0A4U6R175,PHE,116
A0A4U6QAR0,PHE,117
A0A4U8QKE6,PHE,114
A0A4U8WAY4,PHE,119
A0A4U8Z3T6,PHE,124
A0A4V1ADA5,PHE,124
A0A4V1P1S3,PHE,124
A0A4V1LYJ9,PHE,112
A0A4V1Z8H5,PHE,110
A0A4V2NGP6,PHE,116
A0A4V2MM34,PHE,120
A0A4V2RQY4,PHE,108
A0A4V2ZWL8,PHE,124
A0A4V3KXB5,PHE,125
A0A4V5RA11,PHE,110
A0A4V5RKH9,PHE,111
A0A4Y3J597,PHE,115
A0A4Y3PJC6,PHE,108
A0A4Y3MER4,PHE,124
A0A4Y3QKF4,PHE,125
A0A4Y3MB28,PHE,124
A0A4Y3G473,PHE,111
A0A4Y3TU18,PHE,125
A0A4Y4F0Z1,PHE,111
A0A4Y5Z4P8,PHE,123
A0A4Y6R2X4,PHE,111
A0A4Y6R1N2,PHE,115
A0A4Y6R1N2,PHE,124
A0A4Y6V5E3,PHE,124
A0A4Y6UJJ2,PHE,124
A0A4Y7UFA6,PHE,109
A0A4Y8P9R1,PHE,114
A0A4Y8RJM0,PHE,114
A0A4Y8P7L4,PHE,114
A0A4Y8N2L6,PHE,115
A0A4Y8W942,PHE,110
A0A4Y8Y7Z7,PHE,116
A0A4Y9EM82,PHE,118
A0A4Y9F4U9,PHE,112
A0A4Y9P4Y5,PHE,124
A0A4Y9TAT1,PHE,116
A0A4Y9UTS1,PHE,124
A0A4Z0GME8,PHE,124
A0A4Z0EGE5,PHE,124
A0A4Z0N7J9,PHE,124
A0A4Z0N909,PHE,118
A0A4Z0W5W2,PHE,114
A0A4Z1BKP6,PHE,119
A0A4Z1CZA3,PHE,115
A0A501PH73,PHE,116
A0A501X1U5,PHE,116
A0A501WFN5,PHE,104
A0A501WFN5,PHE,110
A0A502IE43,PHE,109
A0A502M694,PHE,125
A0A502SWL5,PHE,125
A0A502YAI7,PHE,125
A0A502XEI6,PHE,125
A0A503B540,PHE,124
A0A502W1L1,PHE,125
A0A503AI12,PHE,125
A0A503D8N2,PHE,125
A0A503IE23,PHE,125
A0A503SID3,PHE,125
A0A503WYD4,PHE,125
A0A503K463,PHE,125
A0A503Q2Q6,PHE,125
A0A503X578,PHE,125
A0A504CEX2,PHE,125
A0A503YE46,PHE,125
A0A504KNG1,PHE,125
A0A504KS74,PHE,125
A0A504U5H3,PHE,113
A0A506QKP3,PHE,150
A0A508WTQ3,PHE,125
A0A510UKD3,PHE,110
A0A510PE18,PHE,134
A0A511AY79,PHE,124
A0A510Y594,PHE,124
A0A511FQR5,PHE,125
A0A511BQD5,PHE,124
A0A511QQQ3,PHE,116
A0A511QTS5,PHE,111
A0A511QM53,PHE,111
A0A512D306,PHE,124
A0A511XPV9,PHE,125
A0A512IDX5,PHE,125
A0A512J3R0,PHE,124
A0A512JFK1,PHE,124
A0A514WY30,PHE,102
A0A514WY30,PHE,108
A0A514XKX4,PHE,109
A0A514Z630,PHE,125
A0A515A873,PHE,113
A0A516GYV4,PHE,123
A0A517IB50,PHE,108
A0A516TJM7,PHE,114
A0A519IPA9,PHE,123
A0A519LLW2,PHE,109
A0A519RUI3,PHE,123
A0A520FMJ0,PHE,125
A0A520FB75,PHE,125
A0A520T879,PHE,117
A0A520VNI4,PHE,113
A0A521EA85,PHE,125
A0A521BAX9,PHE,109
A0A521HZ83,PHE,119
A0A521P1Q3,PHE,124
A0A521WVG6,PHE,114
A0A521X6W0,PHE,119
A0A521X9D4,PHE,119
A0A522WNT8,PHE,114
A0A522VG46,PHE,114
A0A522UFS0,PHE,115
A0A522XDE0,PHE,116
A0A522MJ99,PHE,124
A0A524IHA9,PHE,144
A0A523GGS9,PHE,120
A0A523PFT4,PHE,116
A0A524N2Y2,PHE,114
A0A524R0L3,PHE,116
A0A525CBV2,PHE,111
A0A525CIT5,PHE,147
A0A526PNK2,PHE,125
A0A526MMS1,PHE,125
A0A526V465,PHE,125
A0A527D6J3,PHE,125
A0A526ZUH2,PHE,125
A0A527W6L1,PHE,125
A0A527VI93,PHE,125
A0A528E0E0,PHE,125
A0A528KK08,PHE,125
A0A529CBU4,PHE,125
A0A529A5Y2,PHE,125
A0A529EQC8,PHE,125
A0A529LHD8,PHE,125
A0A530A3P0,PHE,125
A0A529I7I9,PHE,125
A0A530C682,PHE,123
A0A529U5P1,PHE,125
A0A530YMH0,PHE,125
A0A529WDA8,PHE,125
A0A531BVQ2,PHE,125
A0A532CMU4,PHE,120
A0A534AF63,PHE,125
A0A534UX52,PHE,128
A0A534UX52,PHE,133
A0A534WJA9,PHE,128
A0A534WJA9,PHE,133
A0A534WQI7,PHE,128
A0A534XHA2,PHE,128
A0A534XHA2,PHE,133
A0A534Y8C3,PHE,113
A0A535PF78,PHE,128
A0A535PF78,PHE,133
A0A535YAT2,PHE,98
A0A536C8C8,PHE,117
A0A536C8C8,PHE,122
A0A536GF09,PHE,133
A0A537AFN9,PHE,124
A0A537N5L7,PHE,117
A0A538CTE9,PHE,132
A0A538JRJ1,PHE,117
A0A538QY05,PHE,110
A0A542D8H3,PHE,116
A0A542E045,PHE,125
A0A542EUD7,PHE,121
A0A542SZM7,PHE,117
A0A542QUN2,PHE,108
A0A543CNT8,PHE,119
A0A543CRS4,PHE,321
A0A543F245,PHE,118
A0A543H8B3,PHE,124
A0A543PGN8,PHE,120
A0A543PNN2,PHE,124
A0A544AYZ6,PHE,107
A0A544W911,PHE,118
A0A544YF28,PHE,142
A0A544W772,PHE,115
A0A544Z0Z2,PHE,142
A0A545SKM3,PHE,239
A0A547NL93,PHE,126
A0A549TGX7,PHE,113
A0A551YWN9,PHE,116
A0A547P497,PHE,125
A0A547L9P8,PHE,125
A0A552B4K9,PHE,116
A0A552EBF2,PHE,116
A0A552DV92,PHE,116
A0A552DH21,PHE,116
A0A552CF38,PHE,116
A0A552HZS2,PHE,116
A0A552ADR8,PHE,116
A0A552LYS2,PHE,116
A0A552PXK7,PHE,116
A0A552KW04,PHE,116
A0A552M534,PHE,116
A0A552JAQ3,PHE,116
A0A553JRK5,PHE,104
A0A553JRK5,PHE,110
A0A553SF87,PHE,124
A0A554GRD5,PHE,126
A0A554IW40,PHE,116
A0A554J4F8,PHE,68
A0A554K9V0,PHE,107
A0A554LGR8,PHE,121
A0A554P8H2,PHE,116
A0A554S5F0,PHE,124
A0A556RSR2,PHE,105
A0A556R9G9,PHE,115
A0A557S512,PHE,138
A0A557S512,PHE,151
A0A558ALB4,PHE,124
A0A558DAG4,PHE,151
A0A559JT83,PHE,150
A0A559IQ71,PHE,101
A0A559KAF6,PHE,108
A0A559QUH9,PHE,111
A0A559TGM6,PHE,124
A0A560DP61,PHE,124
A0A560D1T6,PHE,124
A0A560JDB5,PHE,124
A0A560MHP1,PHE,124
A0A560RJM9,PHE,124
A0A560RU79,PHE,116
A0A560SHJ2,PHE,116
A0A561BUU9,PHE,121
A0A561D029,PHE,108
A0A561D209,PHE,124
A0A561DQ00,PHE,108
A0A562EU97,PHE,117
A0A562K5R1,PHE,108
A0A562J5N4,PHE,108
A0A562LDD9,PHE,124
A0A562LV26,PHE,133
A0A562P025,PHE,125
A0A562QL83,PHE,111
A0A562RTU5,PHE,124
A0A563VRX5,PHE,116
A0A5A5RYM5,PHE,116
A0A5A5RYG6,PHE,116
A0A564W2K8,PHE,115
A0A5A5RCV3,PHE,116
A0A5A7MBG1,PHE,125
A0A5A7S8Y8,PHE,128
A0A5A7S8Y8,PHE,133
A0A5A7WC67,PHE,124
A0A5A9GBW7,PHE,113
A0A5B0G7F4,PHE,124
A0A5B0HA72,PHE,124
A0A5B0GR74,PHE,117
A0A5B0VRP9,PHE,116
A0A5B0KBL1,PHE,116
A0A5B0W9E0,PHE,124
A0A5B0WB53,PHE,114
A0A5B1BZB0,PHE,107
A0A5B2UQY0,PHE,117
A0A5B2UYP6,PHE,116
A0A5B2V3S4,PHE,108
A0A5B6UAQ8,PHE,125
A0A5B7VZ68,PHE,124
A0A5B7VRX8,PHE,117
A0A5B7VRU5,PHE,124
A0A5B8N5V4,PHE,113
A0A5B8RXI6,PHE,122
A0A5B9GNG7,PHE,124
A0A5B9GID7,PHE,124
A0A5B9Y9W9,PHE,114
A0A5B8Z4J9,PHE,108
A0A5C0SCC1,PHE,109
A0A5C0WFJ5,PHE,125
A0A5C1NGY7,PHE,111
A0A5C2HAP1,PHE,112
A0A5C4J5D5,PHE,132
A0A5C4L4M8,PHE,124
A0A5C4PBD3,PHE,123
A0A5C4NSQ8,PHE,125
A0A5C4PGP5,PHE,116
A0A5C4VC17,PHE,125
A0A5C4TIU6,PHE,116
A0A5C4TIU6,PHE,125
A0A5C5A9R6,PHE,150
A0A5C6M8L7,PHE,124
A0A5C6VBQ6,PHE,129
A0A5C7A7C5,PHE,111
A0A5C7CKU5,PHE,117
A0A5C6VQF8,PHE,116
A0A5C7GDR1,PHE,107
A0A5C8LXI8,PHE,114
A0A5C8TWG8,PHE,124
A0A5C8U119,PHE,124
A0A5C9C342,PHE,123
A0A5C8ZC51,PHE,125
A0A5C9SQ15,PHE,107
A0A5D0CN62,PHE,124
A0A5D0VU89,PHE,114
A0A5D0VLF5,PHE,119
A0A5D3GAS2,PHE,116
A0A5D3K4S8,PHE,124
A0A5D4S298,PHE,124
A0A5D3KL34,PHE,124
A0A5D9CRU5,PHE,111
A0A5E4NZA7,PHE,124
A0A5E4P0X2,PHE,123
A0A5E4P2P3,PHE,113
A0A5E4PIX7,PHE,115
A0A5E4WHH7,PHE,125
A0A5E4YK08,PHE,125
A0A5E5BT26,PHE,125
A0A5E6P4X4,PHE,116
A0A5E6PTV9,PHE,108
A0A5E6U0M5,PHE,116
A0A5E6T8N4,PHE,124
A0A5E6WV50,PHE,124
A0A5E6WA75,PHE,116
A0A5E7A5Q1,PHE,124
A0A5E7BEW8,PHE,108
A0A5E7M1V4,PHE,124
A0A5E7REY7,PHE,124
A0A5E7RY87,PHE,124
A0A5E7UMH4,PHE,108
A0A5E7SHD4,PHE,116
A0A5E7V7I0,PHE,124
A0A5E7U4B2,PHE,108
A0A5E8EUS4,PHE,125
A0A5E7WKK4,PHE,116
A0A5E9PHD0,PHE,117
A0A5F0JLD3,PHE,116
A0A5F1S775,PHE,116
A0A5F2H1R9,PHE,125
A0A5F2C587,PHE,166
A0A5F2C587,PHE,171
A0A5F2GC69,PHE,125
A0A5F2I235,PHE,125
A0A5J4LE35,PHE,122
A0A5J4LE35,PHE,124
A0A5J5DVG6,PHE,115
A0A5J5E266,PHE,115
A0A5J5LWK7,PHE,116
A0A5J4FCK1,PHE,116
A0A5J5FZK1,PHE,125
A0A5J6LDI7,PHE,108
A0A5J6QKT4,PHE,124
A0A5J6PYF3,PHE,117
A0A5J6HTW0,PHE,123
A0A5J6WIG5,PHE,147
A0A5K6CQ24,PHE,115
A0A5J6X123,PHE,110
A0A5K7TX34,PHE,116
A0A5K7YMH8,PHE,107
A0A5K7YMH8,PHE,114
A0A5K7Z4G2,PHE,107
A0A5K7Z4G2,PHE,114
A0A5K7YAA0,PHE,119
A0A5K7ZXR6,PHE,107
A0A5K7ZXR6,PHE,114
A0A5M3Q5M6,PHE,119
A0A5M3WSQ3,PHE,111
A0A5M3LW56,PHE,123
A0A5M3PKX7,PHE,119
A0A5M3LYM6,PHE,117
A0A5M3VY10,PHE,111
A0A5M3XEF2,PHE,111
A0A5M8FP66,PHE,107
A0A5M8FP66,PHE,114
A0A5M8FT58,PHE,114
A0A5M8ER65,PHE,116
A0A5M8SIM7,PHE,125
A0A5M9GK35,PHE,150
A0A5M9J2I0,PHE,116
A0A5M9P5I1,PHE,111
A0A5M9NFV6,PHE,110
A0A5M9ZIP4,PHE,115
A0A5N6ASH8,PHE,125
A0A5N5RFN0,PHE,115
A0A5N6S334,PHE,115
A0A5N6BQ34,PHE,138
A0A5N7SMV8,PHE,118
A0A5N7W0C7,PHE,123
A0A5N7WEQ0,PHE,117
A0A5N7W127,PHE,125
A0A5N7WL68,PHE,123
A0A5N7XFF6,PHE,117
A0A5N7XGK9,PHE,123
A0A5N7WMZ0,PHE,117
A0A5N7WL96,PHE,125
A0A5N8ULH0,PHE,110
A0A5N7Y3V5,PHE,108
A0A5N8UUT6,PHE,110
A0A5N8VTA5,PHE,125
A0A5P1DB69,PHE,116
A0A5P1UUT9,PHE,116
A0A5P2BUD6,PHE,123
A0A5P2CP20,PHE,123
A0A5P8JP78,PHE,124
A0A5P6P2Z7,PHE,124
A0A5P3XH80,PHE,109
A0A5P8JQJ8,PHE,124
A0A5P6VPK0,PHE,113
A0A5P9BB55,PHE,110
A0A5P9BF28,PHE,111
A0A5P9C597,PHE,108
A0A5P8YFJ1,PHE,116
A0A5P8W075,PHE,116
A0A5P9CHB8,PHE,110
A0A5P9CYQ3,PHE,123
A0A5P9HBQ7,PHE,119
A0A5P9IM87,PHE,119
A0A5Q0BL55,PHE,114
A0A5Q0C814,PHE,124
A0A5Q0CDX1,PHE,124
A0A5Q4E1G4,PHE,116
A0A5Q2NK40,PHE,101
A0A5Q5AXF3,PHE,110
A0A5Q8CDI6,PHE,125
A0A5R2NJ96,PHE,125
A0A5R8KUU3,PHE,107
A0A5R8NK79,PHE,119
A0A5R8LR99,PHE,124
A0A5R8PBL2,PHE,119
A0A5R8Y1W0,PHE,112
A0A5R9CZ32,PHE,124
A0A5R9GSF6,PHE,112
A0A5R9NDS2,PHE,116
A0A5S4SW55,PHE,123
A0A5S4UK54,PHE,110
A0A5S4SYY4,PHE,117
A0A5S4UU03,PHE,116
A0A5S4W3Q2,PHE,124
A0A5S5BTK1,PHE,101
A0A5S5BZY0,PHE,109
A0A5S5CNH0,PHE,113
A0A5S5CNH0,PHE,120
A0A5S9IHN0,PHE,112
A0A5S9PHB9,PHE,111
A0A5S9NPK4,PHE,111
A0A640S8C2,PHE,122
A0A640UKW4,PHE,122
A0A640WI45,PHE,124
A0A646NTS1,PHE,116
A0A650EQ56,PHE,113
A0A650MWA2,PHE,114
A0A651E3Q7,PHE,116
A0A653I8J7,PHE,117
A0A653B8C2,PHE,108
A0A653KAW8,PHE,112
A0A653IFZ3,PHE,124
A0A653K2F4,PHE,116
A0A653M9K3,PHE,124
A0A653T3C8,PHE,111
A0A653N7C4,PHE,124
A0A653PF58,PHE,117
A0A653RPY4,PHE,124
A0A653X300,PHE,111
A0A654AZ48,PHE,108
A0A654L0Z8,PHE,117
A0A656QWT5,PHE,112
A0A660E6V5,PHE,124
A0A659V620,PHE,125
A0A661DU34,PHE,119
A0A661E7Q4,PHE,114
A0A661CUC5,PHE,111
A0A661BNB5,PHE,119
A0A661FPW5,PHE,114
A0A661HJ14,PHE,109
A0A661HJ14,PHE,120
A0A661NQC5,PHE,107
A0A661NQC5,PHE,114
A0A661WUM5,PHE,114
A0A661PKY3,PHE,112
A0A661N6L8,PHE,114
A0A679IXK1,PHE,124
A0A662ZFH0,PHE,114
A0A679JXT9,PHE,124
A0A6A1R6J7,PHE,115
A0A6A2VVA5,PHE,115
A0A6A7LTY9,PHE,109
A0A6A7KC01,PHE,114
A0A6A7Y528,PHE,113
A0A6A7Z9E9,PHE,116
A0A6A8LGF5,PHE,124
A0A6B2FUK3,PHE,116
A0A6B3MFD4,PHE,116
A0A6B3N824,PHE,150
A0A6B3NR12,PHE,116
A0A6B3LMH0,PHE,107
A0A6B3NW52,PHE,108
A0A6B3NZ47,PHE,117
A0A6B3QWB8,PHE,119
A0A6B3SNL1,PHE,113
A0A6B3SNL1,PHE,126
A0A6C0NYG0,PHE,108
A0A6C0U8K7,PHE,117
A0A6C1B1B5,PHE,124
A0A6C1KJA7,PHE,124
A0A6C0FVP7,PHE,108
A0A6C2C9K5,PHE,124
A0A6C2TV79,PHE,110
A0A6C2URG8,PHE,110
A0A6G1WJ54,PHE,125
A0A6G3DKV2,PHE,119
A0A6G3T5G8,PHE,119
A0A6G3YVL9,PHE,115
A0A6G4AN30,PHE,128
A0A6G6K5Q8,PHE,120
A0A6G6ZZD3,PHE,116
A0A6G6ZY89,PHE,116
A0A6G6YTZ2,PHE,124
A0A6G6ZA96,PHE,124
A0A6G7CF14,PHE,110
A0A6G7VG51,PHE,114
A0A6G8ATY1,PHE,124
A0A6G8AIH3,PHE,115
A0A6G7PFB2,PHE,119
A0A6G8AP48,PHE,111
A0A6G8UAT3,PHE,124
A0A6G9RNR1,PHE,124
A0A6G9GUF7,PHE,116
A0A6G9SET7,PHE,116
A0A6G9AYE6,PHE,113
A0A6G9YHV0,PHE,123
A0A6G9GTI5,PHE,116
A0A6G9YZV3,PHE,119
A0A6H0CFR8,PHE,119
A0A6H0FT38,PHE,117
A0A6H1KH41,PHE,117
A0A6H1TU35,PHE,117
A0A6H2NI70,PHE,115
A0A6H3AKD2,PHE,150
A0A6H1X0L7,PHE,109
A0A6H1P4Q7,PHE,108
A0A6H9GKI9,PHE,116
A0A6H2GIX2,PHE,116
A0A6I0EGF4,PHE,124
A0A6H9YIM9,PHE,127
A0A6I0F5T3,PHE,108
A0A6I1GQR1,PHE,115
A0A6I1GLE5,PHE,115
A0A6I1MP16,PHE,107
A0A6I1NR09,PHE,116
A0A6I1QLK4,PHE,111
A0A6I1ZBP8,PHE,117
A0A6I3KQG3,PHE,124
A0A6I2I1E2,PHE,124
A0A6I2JTP9,PHE,124
A0A6I3L1L4,PHE,118
A0A6I2SZ10,PHE,115
A0A6I3MJ31,PHE,121
A0A6I3SW11,PHE,128
A0A6I3XFZ6,PHE,117
A0A6I3WJT4,PHE,116
A0A6I4NJY4,PHE,120
A0A6I4K339,PHE,125
A0A6I4NKG1,PHE,122
A0A6I4YGI2,PHE,116
A0A6I5NEN7,PHE,114
A0A6I5NM10,PHE,115
A0A6I5IWL6,PHE,110
A0A6I5RK37,PHE,104
A0A6I5NE44,PHE,116
A0A6I5QVK9,PHE,115
A0A6I6DKL5,PHE,116
A0A6I5RS99,PHE,116
A0A6I6F078,PHE,108
A0A6I6DXC7,PHE,114
A0A6I6EGA3,PHE,124
A0A6I6VTF4,PHE,108
A0A6I6JKD8,PHE,105
A0A6I6JKD8,PHE,112
A0A6I7FFB3,PHE,124
A0A6I6VYS3,PHE,116
A0A6I7N372,PHE,113
A0A6I7QT44,PHE,114
A0A6I7Q5H0,PHE,114
A0A6I7WGS2,PHE,114
A0A6I7W924,PHE,114
A0A6I7TG91,PHE,124
A0A6I7WRE9,PHE,114
A0A6I7X277,PHE,114
A0A6I7XWP0,PHE,150
A0A6J4KVR1,PHE,125
A0A6J4Y0U0,PHE,107
A0A6J4Y0U0,PHE,114
A0A6J4PEK4,PHE,124
A0A6J5BVV2,PHE,118
A0A6J5FEE3,PHE,118
A0A6J5J496,PHE,116
A0A6J5IM67,PHE,116
A0A6L3NEU5,PHE,116
A0A6L4BBM7,PHE,122
A0A6L4WP96,PHE,112
A0A6L4AXH2,PHE,123
A0A6L4X1B8,PHE,115
A0A6L5DZ74,PHE,114
A0A6L5C1M8,PHE,125
A0A6L5NT21,PHE,111
A0A6L5QNQ5,PHE,120
A0A6L6JN31,PHE,111
A0A6L5Y0P4,PHE,114
A0A6L6JGT2,PHE,114
A0A6L6TEK3,PHE,116
A0A6L6QKP2,PHE,125
A0A6L6VKL9,PHE,124
A0A6L7GBN7,PHE,114
A0A6L7F103,PHE,124
A0A6L7G8N2,PHE,106
A0A6L7HVU0,PHE,110
A0A6L7HTT9,PHE,110
A0A6L7PX20,PHE,113
A0A6L7WAJ3,PHE,111
A0A6L8EIW7,PHE,116
A0A6L7ZYH1,PHE,116
A0A6L8PPT7,PHE,150
A0A6L8LXV8,PHE,110
A0A6L8V396,PHE,108
A0A6L9L090,PHE,113
A0A6L9FNT0,PHE,110
A0A6L9TBK6,PHE,115
A0A6L9STL5,PHE,116
A0A6L9ZIL3,PHE,117
A0A6L9YCP1,PHE,116
A0A6M0FAY1,PHE,117
A0A6M0APA2,PHE,116
A0A6M0AX88,PHE,116
A0A6M0EZM6,PHE,150
A0A6M0C7I6,PHE,117
A0A6M0BFY1,PHE,116
A0A6M0H5Y3,PHE,108
A0A6L9W3J4,PHE,120
A0A6M0F3G3,PHE,116
A0A6M0K5H5,PHE,107
A0A6M0K5H5,PHE,114
A0A6M0HRM9,PHE,124
A0A6M0SBB4,PHE,115
A0A6M0GCW7,PHE,116
A0A6M0RD94,PHE,107
A0A6M0J8Z8,PHE,116
A0A6M0RJR2,PHE,115
A0A6M3ZBZ0,PHE,124
A0A6M2B164,PHE,127
A0A6M3ZEL4,PHE,124
A0A6M3ZN88,PHE,114
A0A6M7TNS2,PHE,125
A0A6M6E482,PHE,124
A0A6M7TQJ8,PHE,126
A0A6M7V1S2,PHE,125
A0A6M7UA24,PHE,125
A0A6M7W695,PHE,125
A0A6M8BEC1,PHE,116
A0A6M7WSS9,PHE,125
A0A6M7UJI7,PHE,125
A0A6M8EKZ6,PHE,112
A0A6M8HMV5,PHE,124
A0A6N0DRU8,PHE,124
A0A6N0HZ03,PHE,107
A0A6N0HZ03,PHE,114
A0A6N0M0W8,PHE,116
A0A6N1DWQ2,PHE,114
A0A6N1CBC4,PHE,116
A0A6N1YII6,PHE,114
A0A6N2ELJ0,PHE,117
A0A6N3A178,PHE,114
A0A6N2YP59,PHE,109
A0A6N2UQH9,PHE,124
A0A6N3GSY9,PHE,113
A0A6N3T4D9,PHE,125
A0A6N3QUX0,PHE,116
A0A6N3DA07,PHE,114
A0A6N4TEB4,PHE,123
A0A6N3QFI9,PHE,116
A0A6N6RP47,PHE,110
A0A6N6N7U5,PHE,114
A0A6N6TA31,PHE,114
A0A6N7AJQ5,PHE,114
A0A6N7TW23,PHE,115
A0A6N7LHG4,PHE,125
A0A6N7VLT2,PHE,108
A0A6N7VLT2,PHE,109
A0A6N7ZTL5,PHE,111
A0A6N7XYT0,PHE,107
A0A6N7XYT0,PHE,113
A0A6N8I111,PHE,114
A0A6N8EFC8,PHE,114
A0A6N8GHJ4,PHE,125
A0A6N8XRN7,PHE,116
A0A6N8ZAZ6,PHE,113
A0A6N9HLS1,PHE,125
A0A6N9I4A0,PHE,124
A0A6N9I3Z1,PHE,125
A0A6N9I0B1,PHE,125
A0A6N9PLQ5,PHE,106
A0A6N9YQ47,PHE,121
A0A6N9Z4J4,PHE,115
A0A6P0JSN2,PHE,117
A0A6P0ILG8,PHE,116
A0A6P0GFU3,PHE,125
A0A6P0K0G8,PHE,150
A0A6P0KPQ2,PHE,116
A0A6P0LCW2,PHE,116
A0A6P0M220,PHE,116
A0A6P0MML9,PHE,116
A0A6P0P2Y6,PHE,117
A0A6P0NT34,PHE,117
A0A6P0Q5N1,PHE,116
A0A6P0THE5,PHE,116
A0A6P0WDW0,PHE,116
A0A6P0V8C6,PHE,116
A0A6P0RK71,PHE,117
A0A6P0SQC3,PHE,116
A0A6P0ZZ55,PHE,116
A0A6P0YKY3,PHE,117
A0A6P0U108,PHE,117
A0A6P0Z153,PHE,141
A0A6P1AK12,PHE,118
A0A6P0YUH3,PHE,116
A0A6P0X8K7,PHE,116
A0A6P1AM86,PHE,116
A0A6P1DH98,PHE,119
A0A6P1CQG1,PHE,119
A0A6P1C9L4,PHE,116
A0A6P1DQ60,PHE,107
A0A6P1DQ60,PHE,114
A0A6P1EA50,PHE,124
A0A6P1KH63,PHE,122
A0A6P1KWQ3,PHE,116
A0A6P1M1F6,PHE,110
A0A6P1RI70,PHE,124
A0A6P1TLN3,PHE,114
A0A6P1WXQ3,PHE,124
A0A6P2A9X9,PHE,116
A0A6P1ZZH6,PHE,116
A0A6P1ZAV3,PHE,114
A0A6P1VRB1,PHE,113
A0A6P2CN79,PHE,124
A0A6P2AYN5,PHE,116
A0A6P2GE12,PHE,116
A0A6P2H8C7,PHE,124
A0A6P2JCM0,PHE,124
A0A6P2NTL0,PHE,116
A0A6P2N6Z2,PHE,124
A0A6P2PWV8,PHE,116
A0A6P2J7C1,PHE,165
A0A6P2LB50,PHE,116
A0A6P2QU21,PHE,116
A0A6P2RAF0,PHE,116
A0A6P2WJQ0,PHE,116
A0A6P2XWN1,PHE,116
A0A6P2Y8M3,PHE,116
A0A6P2TA10,PHE,124
A0A6P2ZJX8,PHE,124
A0A6P3C1V5,PHE,116
A0A6P3B8N2,PHE,116
A0A6S4TAG9,PHE,124
A0A6P3CWF6,PHE,111
A0A6S6R0I4,PHE,114
A0A6S6PN33,PHE,124
A0A6S5XET4,PHE,105
A0A6T9Y5C8,PHE,111
A0A6V8II09,PHE,124
A0A6V8SRF3,PHE,114
A0A7C0UJE4,PHE,113
A0A7C1D231,PHE,114
A0A7C1TEZ3,PHE,114
A0A7C1TUY8,PHE,114
A0A7C1THU7,PHE,114
A0A7C1TLP6,PHE,114
A0A7C1U234,PHE,114
A0A7C1UNI7,PHE,114
A0A7C1TSG6,PHE,114
A0A7C1VJA2,PHE,111
A0A7C2ARD0,PHE,124
A0A7C1WHP6,PHE,114
A0A7C2MU00,PHE,114
A0A7C1YM42,PHE,114
A0A7C2PMF5,PHE,111
A0A7C2N912,PHE,114
A0A7C2UHF1,PHE,118
A0A7C2NPT7,PHE,116
A0A7C3IM15,PHE,107
A0A7C3IM15,PHE,114
A0A7C3H9B1,PHE,112
A0A7C2R1V8,PHE,112
A0A7C3KFN8,PHE,116
A0A7C3Q8W1,PHE,111
A0A7C3DCZ4,PHE,114
A0A7C3ZM53,PHE,116
A0A7C3QCS6,PHE,103
A0A7C5AHV3,PHE,115
A0A7C4S220,PHE,114
A0A7C5DUC2,PHE,107
A0A7C5DUC2,PHE,114
A0A7C5G4S8,PHE,114
A0A7C5KZY4,PHE,101
A0A7C5PUB6,PHE,114
A0A7C5KTR2,PHE,114
A0A7C5NIH9,PHE,113
A0A7C6Q314,PHE,116
A0A7C5V888,PHE,114
A0A7C5XUC6,PHE,114
A0A7C6PQB4,PHE,115
A0A7C6V0D5,PHE,111
A0A7C6RHJ6,PHE,118
A0A7C5WZ21,PHE,112
A0A7C6W2W4,PHE,114
A0A7C7CHG7,PHE,114
A0A7C7PDX1,PHE,111
A0A7C7K3K2,PHE,111
A0A7C7UIL5,PHE,114
A0A7C9BQH6,PHE,116
A0A7C8HGZ0,PHE,114
A0A7C9H568,PHE,114
A0A7C9J538,PHE,117
A0A7C9M3L8,PHE,109
A0A7C9MY86,PHE,111
A0A7C9PMM8,PHE,128
A0A7C9PMM8,PHE,133
A0A7C9RN19,PHE,129
A0A7C9V9C9,PHE,118
A0A7C9VTN4,PHE,119
A0A7D4C1G3,PHE,123
A0A7D4PZG4,PHE,124
A0A7D5RWU3,PHE,114
A0A7D5SCW4,PHE,120
A0A7D6W0E7,PHE,108
A0A7D6W7Y6,PHE,116
A0A7D7VN86,PHE,129
A0A7D7LBE1,PHE,116
A0A7D7N2A4,PHE,111
A0A7G1KRA8,PHE,119
A0A7G2RXL9,PHE,111
A0A7G2SA94,PHE,115
A0A7G3A441,PHE,113
A0A7G5DT71,PHE,108
A0A7G5GSE0,PHE,113
A0A7G6SLU6,PHE,126
A0A7G6KB26,PHE,116
A0A7G6SYD1,PHE,125
A0A7G7KEJ2,PHE,111
A0A7G7KRV5,PHE,111
A0A7G8E419,PHE,111
A0A7G8DPA1,PHE,111
A0A7G8DAG5,PHE,111
A0A7G8ED79,PHE,111
A0A7G7UIS1,PHE,124
A0A7G8F285,PHE,111
A0A7G8FTI8,PHE,111
A0A7G8GNV6,PHE,111
A0A7G8H9X0,PHE,111
A0A7G8IXR4,PHE,111
A0A7G8H1J1,PHE,111
A0A7G8FK63,PHE,111
A0A7G8GVJ0,PHE,111
A0A7G8HI19,PHE,111
A0A7G8QQI8,PHE,127
A0A7G8J365,PHE,111
A0A7G8TG06,PHE,114
A0A7G8VMH7,PHE,125
A0A7G8VBG9,PHE,130
A0A7G8VBG9,PHE,135
A0A7G8QRK4,PHE,105
A0A7G8WQ64,PHE,124
A0A7G8YNE1,PHE,116
A0A7G9FLL3,PHE,114
A0A7G9GXN5,PHE,108
A0A7G9GXN5,PHE,109
A0A7H0MG42,PHE,105
A0A7H1J4V1,PHE,110
A0A7H1MKF2,PHE,124
A0A7H1JAQ2,PHE,123
A0A7H2PV86,PHE,117
A0A7H2P909,PHE,117
A0A7H2Q460,PHE,117
A0A7H2VQU8,PHE,117
A0A7H8GN59,PHE,108
A0A7H8IDX2,PHE,132
A0A7H8L4H2,PHE,110
A0A7H8W747,PHE,109
A0A7I0JZ74,PHE,125
A0A7I7Q2K2,PHE,124
A0A7I0KFS9,PHE,125
A0A7I7NX38,PHE,124
A0A7I7KU49,PHE,141
A0A7I7SEH8,PHE,112
A0A7I7XED3,PHE,115
A0A7I8BIZ8,PHE,116
A0A7I8C0R9,PHE,124
A0A7I7ZXC4,PHE,124
A0A7I8C799,PHE,116
A0A7I8CJK7,PHE,117
A0A7J4ZUJ7,PHE,113
A0A7J4VPP8,PHE,123
A0A7J5BQQ5,PHE,124
A0A7K0BVJ9,PHE,115
A0A7K0G339,PHE,120
A0A7K1FYN5,PHE,109
A0A7K0F9A7,PHE,109
A0A7K1J4C0,PHE,115
A0A7K0D5V0,PHE,118
A0A7K1JEE0,PHE,124
A0A7K0G4W8,PHE,120
A0A7K1TGR1,PHE,125
A0A7K1TBC0,PHE,125
A0A7K1S6Y0,PHE,113
A0A7K2FDI1,PHE,125
A0A7K2X0N4,PHE,116
A0A7K3DWH0,PHE,121
A0A7K3MCE7,PHE,114
A0A7K3MCE7,PHE,121
A0A7K3QR75,PHE,115
A0A7K3THX1,PHE,115
A0A7K3UH83,PHE,131
A0A7K3UCJ4,PHE,116
A0A7L5XX02,PHE,123
A0A7L6AYH4,PHE,104
A0A7L6AYH4,PHE,111
A0A7L8RZR3,PHE,125
A0A7L6ZUS3,PHE,116
A0A7L8SJC4,PHE,124
A0A7L8U8X5,PHE,109
A0A7M1VKG1,PHE,110
A0A7M1VKY0,PHE,110
A0A7L9GMY6,PHE,118
A0A7L9UNC5,PHE,115
A0A7L9WRC3,PHE,104
A0A7M1VL91,PHE,110
A0A7M1VP10,PHE,110
A0A7M1VMB3,PHE,110
A0A7M1VMI1,PHE,110
A0A7M1VPX2,PHE,110
A0A7M1W5G1,PHE,110
A0A7M1VWA5,PHE,110
A0A7M1W7B7,PHE,110
A0A7M1W0Q6,PHE,110
A0A7M1VZT3,PHE,110
A0A7M1W9L2,PHE,110
A0A7M1VZ65,PHE,110
A0A7M1WAQ1,PHE,110
A0A7M1WC41,PHE,110
A0A7M1WAS1,PHE,110
A0A7M1WCR3,PHE,110
A0A7M1WCX7,PHE,110
A0A7M1WDM0,PHE,110
A0A7M1WG10,PHE,110
A0A7M1WI82,PHE,110
A0A7M1WJ20,PHE,110
A0A7M1WN08,PHE,110
A0A7M1WRI2,PHE,110
A0A7M1WQH2,PHE,110
A0A7M3ME99,PHE,155
A0A7M3S9W6,PHE,114
A0A7M3VHL7,PHE,110
A0A7M3VID2,PHE,110
A0A7R6WK79,PHE,126
A0A7R6SSJ6,PHE,111
A0A7R6WZ37,PHE,126
A0A7M3TDH2,PHE,113
A0A7R7AI11,PHE,114
A0A7R6X2E7,PHE,125
A0A7R6WNR1,PHE,125
A0A7R7BAT9,PHE,125
A0A7R7E2E6,PHE,125
A0A7R7EK87,PHE,114
A0A7S6U6K1,PHE,116
A0A7R7MTV3,PHE,124
A0A7S4ZS98,PHE,115
A0A7R7JBN7,PHE,110
A0A7S7MQW3,PHE,116
A0A7S7TB18,PHE,124
A0A7S7UIT9,PHE,124
A0A7S7ZE09,PHE,126
A0A7S8A613,PHE,124
A0A7S8EVT3,PHE,125
A0A7S8WBK4,PHE,117
A0A7S9CX58,PHE,121
A0A7T1AZA9,PHE,124
A0A7T1MH78,PHE,114
A0A7T1TA13,PHE,114
A0A7T1WQU2,PHE,121
A0A7T0JN58,PHE,114
A0A7T2W147,PHE,123
A0A7T2YX30,PHE,123
A0A7T4TZS9,PHE,123
A0A7T5JDK0,PHE,115
A0A7T6VLR4,PHE,116
A0A7T7LHB1,PHE,117
A0A7U3Y8U7,PHE,115
A0A7U3Y154,PHE,115
A0A7U4PBW1,PHE,112
A0A7U4H4A4,PHE,115
A0A7U5A2V1,PHE,115
A0A7U6KG15,PHE,109
A0A7U6JHJ6,PHE,114
A0A7U6QHT3,PHE,114
A0A7U7GAH9,PHE,125
A0A7U7JF06,PHE,124
A0A7U8GQW6,PHE,111
A0A7U9NXG7,PHE,116
A0A7V2S8C9,PHE,114
A0A7V5JFG2,PHE,114
A0A7V3FSG1,PHE,111
A0A7V4J170,PHE,115
A0A7V3QZB4,PHE,114
A0A7V6JI01,PHE,109
A0A7V6PCE3,PHE,117
A0A7V2NKV9,PHE,114
A0A7V7HJA5,PHE,150
A0A7V7QN31,PHE,114
A0A7V7VF32,PHE,124
A0A7V7TUE2,PHE,124
A0A7V7PLQ6,PHE,124
A0A7V7NW74,PHE,110
A0A7V7X082,PHE,120
A0A7V7ZB36,PHE,125
A0A7V8AL53,PHE,114
A0A7V8FL23,PHE,124
A0A7V8JDR7,PHE,116
A0A7V8HPU5,PHE,115
A0A7V8U9Z1,PHE,116
A0A7V8UFL6,PHE,123
A0A7W0A5Y4,PHE,132
A0A7W0EVP0,PHE,123
A0A7W0DFZ6,PHE,108
A0A7W0IWL7,PHE,123
A0A7W0Y234,PHE,124
A0A7W1NLZ7,PHE,113
A0A7W2AD56,PHE,116
A0A7W2BME2,PHE,106
A0A7W2FN90,PHE,116
A0A7W2L4H0,PHE,116
A0A7W3LVF6,PHE,119
A0A7W3NFN1,PHE,124
A0A7W4A593,PHE,116
A0A7W4C2R1,PHE,129
A0A7W4CDU5,PHE,110
A0A7W4CDG0,PHE,111
A0A7W4IBV9,PHE,124
A0A7W4IPN1,PHE,124
A0A7W4JFN8,PHE,124
A0A7W4IF90,PHE,124
A0A7W4IPW7,PHE,124
A0A7W4JPV9,PHE,124
A0A7W4K6G7,PHE,124
A0A7W4P4J9,PHE,124
A0A7W4UY31,PHE,125
A0A7W4UY31,PHE,130
A0A7W4UBW4,PHE,124
A0A7W4XYM0,PHE,124
A0A7W5C8R3,PHE,114
A0A7W5II51,PHE,116
A0A7W5KTG8,PHE,116
A0A7W5P5U5,PHE,124
A0A7W5TY88,PHE,116
A0A7W5T595,PHE,131
A0A7W5SAE1,PHE,124
A0A7W5UWG6,PHE,132
A0A7W5XTN4,PHE,116
A0A7W6AFU9,PHE,124
A0A7W6D7B9,PHE,124
A0A7W6KKZ2,PHE,116
A0A7W6QZB1,PHE,116
A0A7W6QCI6,PHE,116
A0A7W6RJ95,PHE,124
A0A7W6SPF1,PHE,124
A0A7W6SW57,PHE,124
A0A7W6QB35,PHE,131
A0A7W6SXQ6,PHE,133
A0A7W6U0U6,PHE,124
A0A7W6Y601,PHE,116
A0A7W7IIW7,PHE,119
A0A7W7PYT7,PHE,119
A0A7W7ZTS2,PHE,125
A0A7W8K773,PHE,124
A0A7W8GA30,PHE,113
A0A7W8KAU5,PHE,120
A0A7W8LNM5,PHE,124
A0A7W8NNU5,PHE,126
A0A7W8NQJ1,PHE,117
A0A7W8S7T8,PHE,112
A0A7W8UP69,PHE,116
A0A7W9U009,PHE,116
A0A7W9ZT18,PHE,116
A0A7W9ZIX6,PHE,123
A0A7X0DL98,PHE,114
A0A7X0E957,PHE,141
A0A7X0E957,PHE,146
A0A7X0DVS1,PHE,131
A0A7X0JVJ7,PHE,117
A0A7X0P9F9,PHE,123
A0A7X0RXB3,PHE,108
A0A7X0UAK8,PHE,125
A0A7X0YNX0,PHE,124
A0A7X0Z1Q6,PHE,124
A0A7X1AX17,PHE,111
A0A7X0Z6X4,PHE,124
A0A7X1BVM2,PHE,124
A0A7X1CBX4,PHE,124
A0A7X1CR49,PHE,124
A0A7X1CHZ6,PHE,124
A0A7X1CL50,PHE,124
A0A7X1DH00,PHE,124
A0A7X1HQN7,PHE,109
A0A7X1KGW4,PHE,116
A0A7X1L969,PHE,114
A0A7X1PKP6,PHE,116
A0A7X1LI44,PHE,109
A0A7X2I5Y0,PHE,115
A0A7X2IGQ1,PHE,114
A0A7X2XTM1,PHE,125
A0A7X2ZGI1,PHE,108
A0A7X3HMG2,PHE,115
A0A7X3KGM1,PHE,114
A0A7X3HKF2,PHE,127
A0A7X3M1T3,PHE,124
A0A7X4D079,PHE,116
A0A7X4JRA6,PHE,111
A0A7X4LII6,PHE,110
A0A7X4XLL5,PHE,110
A0A7X4X517,PHE,110
A0A7X5BEP5,PHE,110
A0A7X4Z867,PHE,114
A0A7X4YNB7,PHE,108
A0A7X5QWJ3,PHE,113
A0A7X5KQ83,PHE,113
A0A7X5BX62,PHE,126
A0A7X5V779,PHE,121
A0A7X6I9E3,PHE,118
A0A7X6GHQ0,PHE,110
A0A7X6I214,PHE,124
A0A7X6N680,PHE,110
A0A7X6S331,PHE,126
A0A7X7F6N2,PHE,115
A0A7X7I7X5,PHE,114
A0A7X7DQ53,PHE,114
A0A7X7F7V6,PHE,115
A0A7X8LZK1,PHE,104
A0A7X8LZK1,PHE,109
A0A7X8TR85,PHE,110
A0A7X9GB75,PHE,97
A0A7X9BR78,PHE,109
A0A7X9S3I9,PHE,114
A0A7X9BIH1,PHE,115
A0A7X9X4V2,PHE,112
A0A7Y0EJD0,PHE,108
A0A7Y0ETA9,PHE,115
A0A7Y0F249,PHE,115
A0A7Y0AYS8,PHE,125
A0A7Y0EFX3,PHE,114
A0A7Y0HVR4,PHE,115
A0A7Y0JH17,PHE,111
A0A7Y0JT92,PHE,116
A0A7Y0JT92,PHE,123
A0A7Y0HUU2,PHE,115
A0A7Y0MT68,PHE,110
A0A7Y0PVV5,PHE,114
A0A7Y0RDQ1,PHE,119
A0A7Y0RE73,PHE,116
A0A7Y0VTW6,PHE,116
A0A7Y0W8J8,PHE,116
A0A7Y0WHP9,PHE,116
A0A7Y0WKY2,PHE,124
A0A7Y1CN26,PHE,116
A0A7Y0WN99,PHE,116
A0A7Y1M640,PHE,116
A0A7Y1LHM7,PHE,116
A0A7Y1QJR2,PHE,116
A0A7Y1ULU8,PHE,114
A0A7Y1VJC3,PHE,119
A0A7Y3EWQ4,PHE,119
A0A7Y3EWL8,PHE,119
A0A7Y3CFZ2,PHE,112
A0A7Y3Q2Y9,PHE,110
A0A7Y3TG46,PHE,109
A0A7Y3ZXA0,PHE,110
A0A7Y3R4V0,PHE,110
A0A7Y4A9E5,PHE,110
A0A7Y4CKS2,PHE,111
A0A7Y4EQ28,PHE,110
A0A7Y4FHA7,PHE,110
A0A7Y4FU37,PHE,110
A0A7Y4H8Z3,PHE,133
A0A7Y4KXM4,PHE,116
A0A7Y4GQU5,PHE,124
A0A7Y4S7X3,PHE,118
A0A7Y4RU50,PHE,104
A0A7Y4W3D6,PHE,119
A0A7Y4ZCA3,PHE,113
A0A7Y4M394,PHE,124
A0A7Y4XZP2,PHE,113
A0A7Y4XI86,PHE,121
A0A7Y4Z7Y9,PHE,118
A0A7Y4XK21,PHE,124
A0A7Y5YQT9,PHE,124
A0A7Y5Z7C0,PHE,123
A0A7Y6CXF8,PHE,114
A0A7Y6DI14,PHE,116
A0A7Y6EDN0,PHE,124
A0A7Y6Q6A6,PHE,125
A0A7Y7A029,PHE,111
A0A7Y7MBA8,PHE,119
A0A7Y7STX6,PHE,124
A0A7Y7ISQ2,PHE,124
A0A7Y7T9Z6,PHE,111
A0A7Y7TC99,PHE,110
A0A7Y7TH95,PHE,113
A0A7Y7Z218,PHE,116
A0A7Y8A2W4,PHE,116
A0A7Y8AEG1,PHE,116
A0A7Y8BJE6,PHE,116
A0A7Y8D633,PHE,116
A0A7Y8JS93,PHE,116
A0A7Y8FE00,PHE,116
A0A7Y8JWS7,PHE,116
A0A7Y8UX45,PHE,116
A0A7Y8UYL0,PHE,124
A0A7Y9BHP2,PHE,108
A0A7Y9BIL2,PHE,108
A0A7Y9DU94,PHE,124
A0A7Y9G708,PHE,119
A0A7Y9EIR5,PHE,119
A0A7Y9J1P5,PHE,124
A0A7Y9UGY6,PHE,124
A0A7Y9UML2,PHE,133
A0A7Z0BRP5,PHE,108
A0A7Z0DVS8,PHE,131
A0A7Z0E0X2,PHE,116
A0A7Z0P9R4,PHE,108
A0A7Z0RLA8,PHE,116
A0A7Z0TS31,PHE,124
A0A7Z1AEA4,PHE,113
A0A7Z0VPH3,PHE,114
A0A7Z1GXS9,PHE,108
A0A7Z1K6T3,PHE,116
A0A7Z1I6L9,PHE,116
A0A7Z0VJA0,PHE,119
A0A7Z1ML60,PHE,110
A0A7Z1MF37,PHE,111
A0A7Z2KTR1,PHE,108
A0A7Z2M6U7,PHE,108
A0A7Z2T577,PHE,110
A0A7Z2VTL1,PHE,123
A0A7Z2PZ32,PHE,124
A0A7Z2XEE8,PHE,116
A0A7Z6MUR8,PHE,108
A0A7Z6MU35,PHE,116
A0A7Z7BAS2,PHE,129
A0A7Z7B452,PHE,117
A0A7Z8R1X3,PHE,114
A0A7Z8QG57,PHE,104
A0A7Z7QN13,PHE,124
A0A7Z8QW45,PHE,114
A0A7Z8Q9U4,PHE,104
A0A7Z8QIE7,PHE,114
A0A7Z9DVQ9,PHE,116
A0A7Z9U7F9,PHE,114
A0A800CD64,PHE,114
A0A800IQG9,PHE,113
A0A800MQV8,PHE,114
A0A800MWU8,PHE,108
A0A806FL40,PHE,115
A0A809N690,PHE,124
A0A806TMS0,PHE,124
A0A806U532,PHE,124
A0A809RC15,PHE,123
A0A810QHN5,PHE,112
A0A812FBS1,PHE,110
A0A812GPW4,PHE,110
A0A822LBA1,PHE,116
A0A826HLE3,PHE,124
A0A829GC78,PHE,124
A0A829HJG3,PHE,116
A0A828SLD4,PHE,115
A0A829HGT0,PHE,112
A0A829WSP8,PHE,124
A0A829NMQ4,PHE,125
A0A831EEJ6,PHE,105
A0A829S5C6,PHE,115
A0A831KMB6,PHE,114
A0A831NK29,PHE,96
A0A831Y653,PHE,124
A0A831RIA5,PHE,114
A0A833L3D7,PHE,123
A0A833HPA0,PHE,108
A0A833NAY9,PHE,119
A0A833NY51,PHE,126
A0A833PHF5,PHE,126
A0A833P0T0,PHE,121
A0A833PRT6,PHE,124
A0A833J6S7,PHE,124
A0A833V3F0,PHE,116
A0A836M2K4,PHE,115
A0A836N8I5,PHE,116
A0A836MJQ2,PHE,115
A0A836S833,PHE,110
A0A836M121,PHE,116
A0A836SHY6,PHE,114
A0A837ADA2,PHE,124
A0A836XAF8,PHE,114
A0A836X7D6,PHE,119
A0A837G1Y0,PHE,110
A0A837KJ54,PHE,108
A0A837REB3,PHE,121
A0A837RH27,PHE,113
A0A838B917,PHE,125
A0A838TAL0,PHE,109
A0A839I872,PHE,110
A0A839IAY4,PHE,111
A0A839NXV5,PHE,124
A0A839JYG7,PHE,114
A0A839QU02,PHE,137
A0A839SXK4,PHE,124
A0A839RUI5,PHE,125
A0A840GTK4,PHE,133
A0A840HHJ1,PHE,124
A0A840HLE6,PHE,133
A0A840GHL0,PHE,124
A0A840MMF5,PHE,116
A0A840U3C1,PHE,111
A0A840SBW7,PHE,113
A0A840RDN5,PHE,117
A0A840ZN07,PHE,124
A0A840UGP2,PHE,119
A0A841BMH0,PHE,128
A0A841BMH0,PHE,133
A0A841FGG0,PHE,109
A0A841G2M7,PHE,111
A0A841L5K5,PHE,108
A0A841SS30,PHE,109
A0A841PU54,PHE,117
A0A841PN26,PHE,131
A0A841QKS8,PHE,124
A0A841ZW57,PHE,124
A0A841VNC2,PHE,116
A0A841U416,PHE,110
A0A841YH85,PHE,124
A0A841Y5K9,PHE,128
A0A841UWY4,PHE,116
A0A841WRR9,PHE,116
A0A842J067,PHE,109
A0A842FL02,PHE,124
A0A843B7N8,PHE,123
A0A843R4V1,PHE,124
A0A844D6Y4,PHE,120
A0A844I092,PHE,119
A0A844HXI7,PHE,119
A0A844MLP5,PHE,116
A0A844Q402,PHE,124
A0A844T8R5,PHE,124
A0A844X157,PHE,125
A0A845DXR9,PHE,124
A0A845EJV6,PHE,124
A0A845LRT3,PHE,109
A0A845G9A4,PHE,114
A0A845WMT0,PHE,116
A0A845VHP1,PHE,116
A0A845X5P3,PHE,116
A0A845Y0K0,PHE,97
A0A846CL26,PHE,117
A0A846APN2,PHE,117
A0A845Z1Y0,PHE,117
A0A846D375,PHE,96
A0A846DPU1,PHE,116
A0A846E120,PHE,116
A0A845ZJ35,PHE,116
A0A846GXL2,PHE,116
A0A846ESP3,PHE,117
A0A846FYN0,PHE,117
A0A846HUG8,PHE,107
A0A846HUG8,PHE,114
A0A846H8H2,PHE,116
A0A846ED87,PHE,116
A0A846SX11,PHE,114
A0A846QR92,PHE,126
A0A846U3U5,PHE,108
A0A846WSD2,PHE,125
A0A847EC04,PHE,121
A0A847NE03,PHE,106
A0A847NE03,PHE,111
A0A847NVD6,PHE,114
A0A847R2J7,PHE,110
A0A847UVK3,PHE,112
A0A848C6X7,PHE,102
A0A848G735,PHE,123
A0A848GD60,PHE,122
A0A848YYS3,PHE,107
A0A848YYS3,PHE,114
A0A849DVW8,PHE,110
A0A849CLS7,PHE,116
A0A849RAP2,PHE,114
A0A849MG10,PHE,119
A0A849HFC3,PHE,119
A0A849VNR8,PHE,124
A0A850EEX9,PHE,124
A0A849U4I9,PHE,114
A0A850EJX5,PHE,114
A0A850EZ70,PHE,116
A0A850ERP3,PHE,128
A0A850QAY3,PHE,123
A0A850PCT9,PHE,124
A0A850JVD9,PHE,112
A0A850QCQ3,PHE,114
A0A850R7A4,PHE,114
A0A850RIK5,PHE,107
A0A850RIK5,PHE,114
A0A850S306,PHE,105
A0A850S306,PHE,112
A0A850S951,PHE,105
A0A850S951,PHE,112
A0A850RGN9,PHE,107
A0A850RGN9,PHE,114
A0A850SXG3,PHE,112
A0A852ZYQ0,PHE,110
A0A853DFR2,PHE,124
A0A853DL28,PHE,125
A0A853DL28,PHE,130
A0A853LRL3,PHE,124
A0A853LIT0,PHE,140
A0A853L3J9,PHE,116
A0A853M6W3,PHE,124
A0A853R704,PHE,110
A0A853SY00,PHE,125
A0A853X6X6,PHE,150
A0A856MCI4,PHE,116
A0A857IU81,PHE,116
A0A857CZJ3,PHE,116
A0A858AQB3,PHE,95
A0A859QXD2,PHE,125
A0A858QBV9,PHE,114
A0A859CZI3,PHE,110
A0A8A7KCH4,PHE,121
A0A8B3LL63,PHE,125
A0A8B3KTZ8,PHE,125
A0A8B3PF77,PHE,125
A0A8B3RKK1,PHE,115
A0A8B4SAK4,PHE,117
A0A8B4S302,PHE,123
A0A8B5Y4D5,PHE,124
A0A8B5WV97,PHE,114
A0A8B6IRP0,PHE,114
A0A8B6UT19,PHE,123
A0A8B6UXF8,PHE,116
A0QXM8,PHE,124
A0QXM8,PHE,125
A0NS28,PHE,136
A0ZZR8,PHE,115
A1S6E5,PHE,108
A1S7F2,PHE,109
A0YU03,PHE,115
A0Z5G6,PHE,116
A1TZC6,PHE,111
A2BS81,PHE,109
A2C3P8,PHE,112
A2CAJ7,PHE,114
A3JU92,PHE,123
A3PE15,PHE,109
A3INV1,PHE,116
A3QD26,PHE,110
A3QED2,PHE,110
A4CTR0,PHE,111
A4J4K9,PHE,108
A4SIM9,PHE,124
A4XRY9,PHE,108
A5GKA8,PHE,111
A5FEH2,PHE,109
A5L0L6,PHE,110
A5YBK1,PHE,124
A6GUZ1,PHE,117
A5TWA0,PHE,108
A5TWA0,PHE,109
A6M2T9,PHE,114
A6Q8U6,PHE,111
A6UAC4,PHE,125
A7A3I5,PHE,115
A7HEI6,PHE,113
A6W1J4,PHE,110
A7IDV7,PHE,123
A6W052,PHE,116
A7VWQ6,PHE,115
A7Z5L4,PHE,124
A8FVM5,PHE,110
A7MWK0,PHE,110
A8G5W3,PHE,109
A8H2Z1,PHE,110
A8TAZ3,PHE,110
A9BB73,PHE,111
A9BGL6,PHE,112
A8YL39,PHE,116
A9BZJ9,PHE,123
A9KKN9,PHE,114
B0C0S3,PHE,116
B0T974,PHE,117
B0KB66,PHE,116
B0TPV9,PHE,110
B0MIN6,PHE,124
B0TW35,PHE,115
B1FFZ6,PHE,116
B0VM83,PHE,117
B0N0C7,PHE,113
B1FUC9,PHE,123
B1J8I0,PHE,116
B1K5Z1,PHE,116
B1KF64,PHE,104
B1KF64,PHE,110
B1T5Q2,PHE,116
B1YJI0,PHE,124
B1WNK5,PHE,116
B1XPU6,PHE,115
B1YZX1,PHE,116
B1ZLI7,PHE,124
B2T4P8,PHE,115
B2J6C9,PHE,116
B2TZN2,PHE,116
B3EBX4,PHE,113
B3E0U3,PHE,114
B3DU95,PHE,115
B4CXD9,PHE,114
B4EL67,PHE,116
B4UJJ8,PHE,113
B4VYW5,PHE,116
B5FFY2,PHE,110
B5IHU5,PHE,117
B5W383,PHE,116
B4WSL6,PHE,176
B6EPL5,PHE,111
B6B395,PHE,118
B7GT88,PHE,115
B7AVW4,PHE,134
B7KCM0,PHE,116
B7HYX9,PHE,150
B6XWQ9,PHE,115
B7LQJ8,PHE,116
B7NH18,PHE,116
B7K4V1,PHE,116
B7VLN5,PHE,110
B7KZN4,PHE,124
B7WU47,PHE,125
B7WVI3,PHE,117
B7X3W3,PHE,123
B8DVM0,PHE,115
B8ELY1,PHE,124
B8HLF8,PHE,116
B8GPP5,PHE,114
B8FBQ4,PHE,114
B8IW24,PHE,124
B8KTQ4,PHE,116
B9BKV2,PHE,116
B9ISQ5,PHE,150
B9JQM5,PHE,115
C0BR14,PHE,115
C0N837,PHE,111
C0CUI7,PHE,115
C0D7H6,PHE,119
C0EV20,PHE,107
C0EV20,PHE,113
C0G8S9,PHE,14
C0VLA8,PHE,112
C0XJJ0,PHE,124
C0Z4U3,PHE,108
C0VK67,PHE,122
C3K557,PHE,108
C3LSW7,PHE,107
C2JT58,PHE,124
C3KC73,PHE,116
C4FH75,PHE,115
C4Z3E8,PHE,114
C3MDS2,PHE,125
C5APP6,PHE,124
C5BKG7,PHE,111
C2END6,PHE,107
C2END6,PHE,114
C4ID07,PHE,114
C5D036,PHE,122
C5RC05,PHE,130
C5E9C9,PHE,115
C6B706,PHE,124
C6PU34,PHE,109
C6PTR2,PHE,114
C6Q2U2,PHE,108
C7CK28,PHE,124
C7JE88,PHE,124
C7LNS4,PHE,112
C7QGF3,PHE,116
C7XMV5,PHE,108
C7XMV5,PHE,109
C9QNE1,PHE,110
C8YX84,PHE,119
C8X003,PHE,112
D0C664,PHE,117
D0IGW1,PHE,107
D0V3Y3,PHE,124
D0IE72,PHE,110
D0SMT2,PHE,116
D0L5B9,PHE,125
D0L9W4,PHE,127
D1AJN4,PHE,108
D2Q7W7,PHE,115
D2THS3,PHE,105
D1NUJ3,PHE,114
D2YHP0,PHE,107
D2S6L3,PHE,125
D2YEA6,PHE,110
D2S8J1,PHE,113
D2S8J1,PHE,120
D3P7K3,PHE,113
D3SEH4,PHE,113
D4BLZ1,PHE,145
D4CYJ6,PHE,108
D4CYJ6,PHE,109
D4CF15,PHE,114
D3T7P6,PHE,116
D4H1Q0,PHE,113
D4J466,PHE,116
D4LEH4,PHE,113
D4XPI3,PHE,122
D5DA95,PHE,124
D4ZK56,PHE,110
D4GFD4,PHE,127
D5EHU4,PHE,113
D5V3X1,PHE,112
D5RBK4,PHE,108
D5RBK4,PHE,109
D5PZV0,PHE,109
D5DYS2,PHE,124
D6LFV6,PHE,108
D6LFV6,PHE,109
D6BGM8,PHE,108
D6BGM8,PHE,109
D6X9B0,PHE,119
D6ZXK8,PHE,115
D7DPH6,PHE,119
D8JU73,PHE,124
D8GSM1,PHE,114
D9R019,PHE,114
D9TN13,PHE,116
D8P370,PHE,124
E0LSG4,PHE,105
E0J470,PHE,116
E0Q9M4,PHE,115
E0TZP7,PHE,124
E0UHU4,PHE,116
E1R419,PHE,114
E0USP3,PHE,109
E1ST83,PHE,111
E0I4N7,PHE,114
E1TJS5,PHE,112
E1V3Z7,PHE,111
E1U866,PHE,125
E1U878,PHE,124
E3BG26,PHE,110
E3E492,PHE,124
E3D816,PHE,139
E3GEU3,PHE,101
E4PMB6,PHE,119
E4RM84,PHE,112
E5BG83,PHE,108
E5BG83,PHE,109
E6K1V4,PHE,115
E6UCY2,PHE,113
E6U7U2,PHE,114
E6VM91,PHE,124
E6WK69,PHE,124
E8M855,PHE,110
E8LZS8,PHE,110
F0G1A6,PHE,116
E9S9Z9,PHE,113
E8UV79,PHE,116
E8TLK9,PHE,125
F0KH65,PHE,117
F0JI15,PHE,105
F0JI15,PHE,112
F2JTP6,PHE,104
F2JJN6,PHE,114
F2KAA7,PHE,116
F2LCD9,PHE,116
F2KLD8,PHE,123
F3LDV2,PHE,123
F3FDA5,PHE,124
F3LFA3,PHE,111
F4CYY9,PHE,124
F5P470,PHE,116
F5T010,PHE,111
F5YNF8,PHE,113
F4XYL2,PHE,116
F5XM02,PHE,118
F5Z8W1,PHE,111
F6ABA9,PHE,108
F6BIE6,PHE,116
F6EHP6,PHE,125
F7KYX6,PHE,108
F7KYX6,PHE,109
F6IV70,PHE,124
F7Q3Q2,PHE,113
F7Y658,PHE,125
F7VCC5,PHE,125
F7X5Y4,PHE,125
F8J738,PHE,124
F8FR54,PHE,124
F9REP0,PHE,110
F9S8A0,PHE,110
F9UNB3,PHE,113
G0LYS0,PHE,124
F9T1M9,PHE,110
F9RUC6,PHE,110
G0A381,PHE,114
G2E511,PHE,114
G2FDN9,PHE,114
G2KU04,PHE,116
G2KU04,PHE,125
G2I3V6,PHE,125
G2MW99,PHE,116
G2T4B4,PHE,113
G5HTF2,PHE,115
G5J146,PHE,116
G4SZ39,PHE,114
G6FR20,PHE,116
G6C3J9,PHE,108
G6C3J9,PHE,109
G6Y9Z0,PHE,125
G7GBT0,PHE,116
G7M9J4,PHE,148
G7VP80,PHE,125
G7VWB9,PHE,124
G7VXY7,PHE,124
G7VW85,PHE,124
G8NPC2,PHE,125
G8PEG9,PHE,124
G9A7M6,PHE,125
G9A6C2,PHE,122
G9ZNV6,PHE,124
H0G286,PHE,125
H0JN69,PHE,117
H0G8U3,PHE,118
H0TNA6,PHE,129
H0SGQ6,PHE,124
H1HDV8,PHE,108
H1HDV8,PHE,109
H1PQA1,PHE,108
H1PQA1,PHE,109
H1KRT8,PHE,124
H2FVW6,PHE,111
H2J0N5,PHE,127
H6NHC8,PHE,124
H6MXL8,PHE,125
H3SFS7,PHE,124
H5YNA5,PHE,124
H6RVM5,PHE,113
H6RVM5,PHE,120
H8GLH4,PHE,114
H7EJC4,PHE,113
H6QYT1,PHE,119
H8ILX9,PHE,124
H8YZ17,PHE,114
I0JVE0,PHE,114
I0QR89,PHE,127
I0BG02,PHE,124
I0X7U0,PHE,113
I1XKZ4,PHE,111
I1YKZ5,PHE,111
I2ADY7,PHE,124
I2C6H6,PHE,124
I2K8T0,PHE,111
I2K8T0,PHE,113
I3E3F9,PHE,119
I3E3F9,PHE,121
I3CMZ4,PHE,114
I3TUC5,PHE,125
I3U9B8,PHE,142
I3V1C1,PHE,131
I4FVP6,PHE,95
I3WFW3,PHE,115
I3VVD3,PHE,116
I4H203,PHE,116
I4G5L6,PHE,116
I4GYV8,PHE,116
I4K942,PHE,116
I4I2X4,PHE,116
I4HT72,PHE,116
I4LRH5,PHE,115
I4IQ56,PHE,116
I4LXR0,PHE,115
I4LWW9,PHE,115
I5C4Z0,PHE,124
I4MBF5,PHE,115
I5AR26,PHE,114
I6D8W4,PHE,116
I6C7K0,PHE,116
I9KUY4,PHE,116
I7G1Q9,PHE,116
I7G1Q9,PHE,117
I9NIS5,PHE,131
J0DEK9,PHE,116
I9NJY6,PHE,124
J1EGI2,PHE,123
J0CDV1,PHE,116
J1E858,PHE,125
J2FTY7,PHE,150
J0L7I9,PHE,124
J2L340,PHE,123
J2T6Z4,PHE,108
J2TRX5,PHE,123
J2WHW5,PHE,108
J2VSP8,PHE,116
J2YFS0,PHE,116
J3A8Z3,PHE,108
J3BMZ3,PHE,124
J2Y9W7,PHE,108
J3AD49,PHE,123
J3FN52,PHE,118
J3HIJ2,PHE,118
J3I2C2,PHE,124
J3IYH1,PHE,116
J4JW77,PHE,124
J7J139,PHE,108
J7QK26,PHE,116
J9WJ82,PHE,124
K0D8G7,PHE,126
K0C0X3,PHE,111
K0CIK1,PHE,116
K1GFU2,PHE,108
K1GFU2,PHE,109
K1Y669,PHE,115
K2HUS6,PHE,115
K2A1C1,PHE,114
K4QTH1,PHE,119
K6TH04,PHE,114
K6XFB4,PHE,108
K6XTW1,PHE,108
K6WWE3,PHE,124
K8DVK3,PHE,124
K8DVE8,PHE,124
K8GRP4,PHE,116
K8P2T6,PHE,119
K8DZQ4,PHE,108
K8XJ06,PHE,148
K8E568,PHE,124
K9PCZ4,PHE,115
K9AVQ4,PHE,116
K9A599,PHE,115
K9AZ33,PHE,116
K9PYL2,PHE,115
K9QGX9,PHE,116
K9SI22,PHE,116
K9RAF4,PHE,116
K9S3J2,PHE,116
K9T4R3,PHE,116
K9QS78,PHE,116
K9TS02,PHE,116
K9U6T0,PHE,116
K9UDU2,PHE,116
K9WB54,PHE,116
K9XSZ4,PHE,116
K9XEW0,PHE,116
K9V9K8,PHE,116
K9YLR1,PHE,116
K9X4E7,PHE,116
L0DHL7,PHE,113
L0E1A1,PHE,113
K9ZCV9,PHE,116
L0IGF0,PHE,116
L0KT14,PHE,125
L0MAU3,PHE,116
L0GXD2,PHE,114
L1M8B6,PHE,116
L7EEA7,PHE,116
L8DI83,PHE,125
L8J5D4,PHE,110
L8M8K8,PHE,116
M1MXF4,PHE,114
M2WDV0,PHE,124
M2Y2F5,PHE,124
M1FHU9,PHE,119
M4V789,PHE,112
M4RPR2,PHE,115
M5AAV6,PHE,124
M5P6E7,PHE,124
M5DYS2,PHE,112
M4WV55,PHE,116
M8D0H1,PHE,116
M7CVK7,PHE,116
N0B2L9,PHE,124
M7PPC4,PHE,111
N8PTP9,PHE,112
N8PUJ5,PHE,116
N8SCW1,PHE,115
N8VDR6,PHE,116
N8W600,PHE,116
N8WAL1,PHE,116
N8Y569,PHE,114
N8YLK1,PHE,112
N8Y8X7,PHE,116
N9A1A3,PHE,116
N9DF67,PHE,115
N9EAK3,PHE,116
N9DPK6,PHE,116
N9F5D0,PHE,116
N9F476,PHE,112
N9K9U7,PHE,112
N9FBK3,PHE,116
N9L2E2,PHE,115
N9L8I4,PHE,116
N9LRI8,PHE,116
N9L8B6,PHE,112
N9NCG2,PHE,116
N9N002,PHE,116
N9PJR7,PHE,116
N9PPD6,PHE,112
N9PZH9,PHE,116
N9PGC5,PHE,116
N9QZG1,PHE,112
N9QBL7,PHE,112
N9Q6L1,PHE,116
N9RD36,PHE,116
N9RLB4,PHE,116
N9SRL1,PHE,112
O34882,PHE,124
N9VE64,PHE,110
Q05354,PHE,116
Q03TL7,PHE,124
P94502,PHE,124
O86237,PHE,111
Q05RQ8,PHE,127
Q0F0I5,PHE,105
Q0F0I5,PHE,112
Q0B4M3,PHE,116
Q0FKR5,PHE,114
Q0SX61,PHE,116
Q114A4,PHE,117
Q188J0,PHE,109
Q1LIS4,PHE,127
Q1PL68,PHE,109
Q1PKQ9,PHE,109
Q1N5P5,PHE,111
Q1YZX3,PHE,110
Q21G56,PHE,111
Q2IGG9,PHE,113
Q2JNV6,PHE,115
Q2K7W6,PHE,116
Q2SHU5,PHE,116
Q2T8H3,PHE,137
Q319W9,PHE,109
Q31JZ0,PHE,116
Q31SY6,PHE,116
Q39AU6,PHE,126
Q39LV8,PHE,137
Q392K7,PHE,116
Q3AX31,PHE,111
Q3YU41,PHE,116
Q46981,PHE,116
Q46JX3,PHE,112
Q47YR0,PHE,121
Q4C7C5,PHE,116
Q4KBA4,PHE,116
Q5E8E4,PHE,110
Q5FTM0,PHE,124
Q603L0,PHE,114
Q5YV90,PHE,117
Q638H7,PHE,150
Q66BX5,PHE,116
Q67SA8,PHE,121
Q67SA8,PHE,123
Q6FAS7,PHE,115
Q6MPG9,PHE,113
Q6LVK0,PHE,110
Q6D2W6,PHE,105
Q7ML41,PHE,116
Q7MH48,PHE,133
Q6VPE5,PHE,119
Q7P5I9,PHE,108
Q7P5I9,PHE,109
Q7TVA2,PHE,111
Q7V0T6,PHE,109
Q7U982,PHE,130
Q7V867,PHE,114
Q81B02,PHE,150
Q87T30,PHE,110
Q826M0,PHE,35
Q89DY8,PHE,124
Q8G701,PHE,115
Q8RFG4,PHE,108
Q8RFG4,PHE,109
Q97KJ9,PHE,114
Q92K73,PHE,125
Q9EV83,PHE,124
Q9CKS4,PHE,116
Q984V7,PHE,125
Q9KU16,PHE,107
R2PES7,PHE,124
R1HEM8,PHE,124
R2RII3,PHE,124
R2QMW2,PHE,125
R3W1Z0,PHE,124
R4K3G1,PHE,114
R5A687,PHE,115
R4YQP8,PHE,111
R2XZH9,PHE,150
R5AAU8,PHE,115
R5BMQ7,PHE,113
R5GKK5,PHE,113
R5DYX7,PHE,114
R5N4R4,PHE,114
R5KS40,PHE,112
R5L2B4,PHE,113
R5X6K0,PHE,109
R5XYT4,PHE,114
R5Q018,PHE,114
R5ZR61,PHE,114
R5WZ99,PHE,108
R5WZ99,PHE,109
R6IQZ7,PHE,112
R6DVB6,PHE,114
R6DMW5,PHE,114
R6NDL9,PHE,115
R6N9H1,PHE,112
R6M9X6,PHE,113
R6YHZ5,PHE,115
R6VAG9,PHE,113
R6QJR8,PHE,111
R6U7Y3,PHE,113
R7BFJ2,PHE,111
R6P6A5,PHE,112
R6Y2L1,PHE,102
R6Y2L1,PHE,103
R6PGC9,PHE,114
R7C9K4,PHE,113
R7QTZ2,PHE,113
R7BHL8,PHE,114
R7RTH0,PHE,109
R7AJM3,PHE,113
R7B1Y3,PHE,114
R8YPX4,PHE,115
R8YVT0,PHE,116
R9B3N3,PHE,112
R8Y7T0,PHE,115
R9AVJ1,PHE,116
R9CCG5,PHE,114
R9CDV4,PHE,108
R9J696,PHE,114
R9LZF9,PHE,97
R9QPX8,PHE,122
S0PEW9,PHE,124
S2FEH5,PHE,124
S2KNI5,PHE,119
R9RB50,PHE,108
R9RB50,PHE,109
S2ZHY3,PHE,121
S2YB35,PHE,124
S3HCI0,PHE,121
S3JM72,PHE,116
S3TNZ0,PHE,116
S3TER8,PHE,112
S4GNH2,PHE,115
S4I8I7,PHE,115
S4XRV2,PHE,113
S6BVZ7,PHE,112
S7I784,PHE,111
S7JGB4,PHE,110
S9SP58,PHE,114
S9SHA4,PHE,114
S7Y3H3,PHE,116
T0PE95,PHE,108
T2IK00,PHE,116
T1XK32,PHE,122
T2JB53,PHE,116
T2ISD5,PHE,116
T2PKX1,PHE,115
T4VUB5,PHE,109
U1QVW5,PHE,116
U1ZUC9,PHE,124
U1T932,PHE,116
U2MZE1,PHE,108
U1R0T2,PHE,139
U2FHU2,PHE,116
U2PJA9,PHE,121
U2RV46,PHE,137
U2RV46,PHE,142
U3CIB1,PHE,110
U3BS37,PHE,110
U3CFT2,PHE,111
U4KHI2,PHE,110
U7GCH2,PHE,116
U5MZZ2,PHE,126
U9W083,PHE,135
U7H672,PHE,111
U7U018,PHE,108
U7U018,PHE,109
U7GN80,PHE,111
U7V7D4,PHE,109
U7QDQ5,PHE,115
V4HY08,PHE,121
V2XJ09,PHE,114
V5CAH3,PHE,114
V5FH25,PHE,111
V2WA62,PHE,116
V4JQB9,PHE,107
V4JQB9,PHE,114
V5SD73,PHE,124
V5FK56,PHE,110
V6Q330,PHE,124
V7FJI2,PHE,125
V7G8L8,PHE,125
V7H140,PHE,125
V7ERL7,PHE,125
V7HJK8,PHE,125
V8QU12,PHE,122
V7IBN3,PHE,109
V9HEL1,PHE,114
V9H3R4,PHE,108
W0GUP7,PHE,111
W0BCG5,PHE,113
W0LA83,PHE,124
W0E6T2,PHE,107
W0E6T2,PHE,114
V9XHF9,PHE,117
W0DJH1,PHE,113
W0PD56,PHE,122
W0VDP6,PHE,126
W1S2P0,PHE,110
W1X3P0,PHE,116
W4N6M5,PHE,115
W4DXN0,PHE,114
W4Q015,PHE,124
W5TGI3,PHE,119
W5IGR2,PHE,116
W5YZT3,PHE,119
W6K8Z1,PHE,114
W6T8X0,PHE,122
W6N3Z2,PHE,114
W6T8W5,PHE,124
W6M9Z9,PHE,114
W7BDL4,PHE,124
W7BD75,PHE,124
W7CY92,PHE,124
W7D013,PHE,124
W7E0Y1,PHE,124
W7L6G0,PHE,108
W7DJJ7,PHE,124
W7UI54,PHE,113
W7W7L2,PHE,124
W7QU51,PHE,111
W7WQ83,PHE,124
W8T2R0,PHE,109
W9E8S8,PHE,116
W9EHL3,PHE,125
W9V7B8,PHE,114
X0PFR7,PHE,124
X5QGX7,PHE,125
X5S790,PHE,125
X5UE35,PHE,125
X5PJ11,PHE,125
X5Q6D2,PHE,125
X5VIC8,PHE,125
X5X518,PHE,125
X5WY31,PHE,125
X5YLT3,PHE,125
X5Z2C5,PHE,125
X6C1C0,PHE,125
X6CVR1,PHE,125
X6CGN1,PHE,125
X6DGY6,PHE,125
X6FY62,PHE,125
X6GNK2,PHE,125
X6F4L3,PHE,125
X6GEW3,PHE,125
X6ER27,PHE,125
X6HTQ4,PHE,125
X6I023,PHE,125
X6KA04,PHE,125
X6IRB2,PHE,125
X7EBV7,PHE,110
X6KI11,PHE,125
X7S3M5,PHE,108
X7S3M5,PHE,109
X8CSU6,PHE,124
X8GZX3,PHE,108
X8GZX3,PHE,109
X8I072,PHE,108
X8I072,PHE,109
X6JEU0,PHE,125
X8HN85,PHE,108
X8HN85,PHE,109
Z9JR86,PHE,124
