Accession,Residue1,Pos1,Residue2,Pos2,Distance
A0A0D0MQF1,GLU,45,ARG,11,5.8955736
A0A147HC52,GLU,45,ARG,11,5.995655
A0A1H0LM06,GLU,45,ARG,11,5.939178
A0A1I3Y1H1,GLU,45,ARG,11,5.7039547
A0A1I5N8T8,GLU,45,ARG,11,6.0153737
A0A1I5XVU9,GLU,45,ARG,11,5.9555206
A0A1P8FJB3,GLU,48,ARG,11,5.4309893
A0A1M5NLU0,GLU,45,ARG,11,5.6284714
A0A1Q5S4M7,GLU,45,ARG,11,6.015699
A0A1Z8UIG6,ASP,46,ARG,11,5.3047194
A0A225DGY8,GLU,45,ARG,11,5.468916
A0A286B6D7,GLU,45,ARG,11,5.891956
A0A2E1VQI8,ASP,46,ARG,11,5.881452
A0A2E9BQ53,GLU,45,ARG,11,6.0054116
A0A2G6CM40,GLU,46,ARG,11,5.903988
A0A2N6EK41,GLU,45,ARG,11,5.791408
A0A2V1HLK2,ASP,49,ARG,12,5.780072
A0A2W4LB07,GLU,47,ARG,12,6.1554
A0A353BTH3,ASP,48,ARG,11,5.8032255
A0A366HSD2,GLU,45,ARG,11,5.733335
A0A3D5BXK6,ASP,48,ARG,12,6.121927
A0A423PKA3,GLU,45,ARG,11,5.847667
A0A423Q2R0,GLU,45,ARG,11,5.8644648
A0A4Q2SGW9,GLU,47,ARG,11,5.7946067
A0A521P177,GLU,45,ARG,11,5.9922905
A0A679IVG7,GLU,45,ARG,11,5.926548
A0A6G6K5Q8,GLU,45,ARG,11,5.7229295
A0A7I9UYD5,GLU,45,ARG,11,6.0104704
A0A7S9CX58,GLU,47,ARG,11,5.8527193
A0A7V8GBL4,GLU,45,ARG,11,6.040865
A0A845SBQ6,GLU,45,ARG,11,5.8196473
A0A852W0C7,GLU,49,ARG,19,5.822975
A0A853FA48,GLU,49,ARG,15,5.900685
C7LNS4,ASP,43,ARG,11,5.3624907
Q0F0I5,ASP,43,ARG,11,5.369354
