Accession,Residue1_Type,Residue1_ID,Residue2_Type,Residue2_ID
A0A011VUM0,TRP,108,ASN,109
A0A076HQJ4,TRP,106,ASN,107
A0A076JKV6,TRP,110,ASN,111
A0A078KTQ4,TRP,109,ASN,110
A0A080N4Q2,TRP,112,ASN,113
A0A084JL76,TRP,109,ASN,110
A0A086ZF21,TRP,110,ASN,111
A0A086Z1W8,TRP,110,ASN,111
A0A087AHD6,TRP,110,ASN,111
A0A086ZLH3,TRP,110,ASN,111
A0A086ZLU8,TRP,110,ASN,111
A0A087AN00,TRP,110,ASN,111
A0A087A6T5,TRP,110,ASN,111
A0A087BED7,TRP,110,ASN,111
A0A087BAW5,TRP,109,ASN,110
A0A087C4Q1,TRP,110,ASN,111
A0A087BRD1,TRP,110,ASN,111
A0A087CLV0,TRP,110,ASN,111
A0A087BPI1,TRP,110,ASN,111
A0A087CVX1,TRP,110,ASN,111
A0A087AP32,TRP,110,ASN,111
A0A087CZE3,TRP,110,ASN,111
A0A087DJ22,TRP,110,ASN,111
A0A087DBD1,TRP,110,ASN,111
A0A087CYB6,TRP,110,ASN,111
A0A087DLE9,TRP,110,ASN,111
A0A087DRC9,TRP,111,ASN,112
A0A087E301,TRP,110,ASN,111
A0A087ECW3,TRP,110,ASN,111
A0A087E877,TRP,110,ASN,111
A0A087VSX0,TRP,110,ASN,111
A0A0A1GR13,TRP,110,ASN,111
A0A0A0BCX7,TRP,106,ASN,107
A0A0A1VZT2,TRP,111,ASN,112
A0A0A2A886,TRP,104,ASN,105
A0A0A1ZAT1,TRP,104,ASN,105
A0A0A1ZYB9,TRP,104,ASN,105
A0A0A2A8L2,TRP,104,ASN,105
A0A0A2AHU2,TRP,104,ASN,105
A0A0A2B5J2,TRP,104,ASN,105
A0A0A2CF60,TRP,122,ASN,123
A0A0A2BCY2,TRP,104,ASN,105
A0A0A6VM65,TRP,110,ASN,111
A0A0A7I3P3,TRP,110,ASN,111
A0A0A7I624,TRP,110,ASN,111
A0A0A8MYB5,TRP,110,ASN,111
A0A0B5QUH5,TRP,109,ASN,110
A0A0C1QV00,TRP,111,ASN,112
A0A0C1YCU0,TRP,110,ASN,111
A0A0C2Z417,TRP,110,ASN,111
A0A0D6AJX7,TRP,111,ASN,112
A0A0D6KNU9,TRP,111,ASN,112
A0A0D7NG40,TRP,124,ASN,125
A0A0D8ZXV6,TRP,111,ASN,112
A0A0D8IUR7,TRP,108,ASN,109
A0A0E2Z6W9,TRP,110,ASN,111
A0A0E3JMW4,TRP,109,ASN,110
A0A0F0CN72,TRP,110,ASN,111
A0A0F3IKW6,TRP,109,ASN,110
A0A0F4L4M4,TRP,110,ASN,111
A0A0F4L0F5,TRP,110,ASN,111
A0A0F4R6J1,TRP,119,ASN,120
A0A0G1ERJ2,TRP,109,ASN,110
A0A0H2MGA6,TRP,119,ASN,120
A0A0H3E833,TRP,110,ASN,111
A0A0H3K6C5,TRP,111,ASN,112
A0A0H5SUZ0,TRP,109,ASN,110
A0A0J1G3E5,TRP,109,ASN,110
A0A0J8D3X8,TRP,111,ASN,112
A0A0J8FDB6,TRP,110,ASN,111
A0A0J9C317,TRP,110,ASN,111
A0A0K1S7V7,TRP,111,ASN,112
A0A0L7AUY6,TRP,110,ASN,111
A0A0L7CX53,TRP,110,ASN,111
A0A0M1JXU5,TRP,111,ASN,112
A0A0M0VL25,TRP,110,ASN,111
A0A0M2RF67,TRP,119,ASN,120
A0A0M3T8U5,TRP,110,ASN,111
A0A0M4NQR4,TRP,110,ASN,111
A0A0M6Y1W5,TRP,119,ASN,120
A0A0M7AMB0,TRP,119,ASN,120
A0A0N0V262,TRP,106,ASN,107
A0A0N8KMQ4,TRP,111,ASN,112
A0A0N8VXG0,TRP,109,ASN,110
A0A0P7ZA40,TRP,111,ASN,112
A0A0Q7K2C1,TRP,103,ASN,104
A0A0Q9LD02,TRP,103,ASN,104
A0A0Q9M538,TRP,103,ASN,104
A0A0Q9PR57,TRP,103,ASN,104
A0A0Q9RDJ4,TRP,103,ASN,104
A0A0R2XLC5,TRP,108,ASN,109
A0A0R3LFZ6,TRP,113,GLN,114
A0A0S2MG90,TRP,110,ASN,111
A0A0S2TE81,TRP,109,ASN,110
A0A0S3U0K2,TRP,111,ASN,112
A0A0S8BL48,TRP,109,ASN,110
A0A0S8EVJ7,TRP,109,ASN,110
A0A0S8F3S2,TRP,109,ASN,110
A0A0T5YSR4,TRP,109,ASN,110
A0A0T7BML8,TRP,111,ASN,112
A0A0V7ZQ50,TRP,111,ASN,112
A0A126T5F5,TRP,109,ASN,110
A0A133NNS5,TRP,110,ASN,111
A0A133KK40,TRP,133,ASN,134
A0A133P353,TRP,110,ASN,111
A0A135Z478,TRP,110,ASN,111
A0A139WUB0,TRP,111,ASN,112
A0A140K6H9,TRP,111,ASN,112
A0A148N4Q0,TRP,109,ASN,110
A0A162LND3,TRP,119,ASN,120
A0A163CUL6,TRP,109,ASN,110
A0A163FA17,TRP,109,ASN,110
A0A164A3T8,TRP,106,ASN,107
A0A163YBA3,TRP,106,ASN,107
A0A166YQL1,TRP,119,ASN,120
A0A167PDY0,TRP,119,ASN,120
A0A172U531,TRP,109,ASN,110
A0A173WWE7,TRP,110,ASN,111
A0A173T3W5,TRP,108,ASN,109
A0A173X0M8,TRP,109,ASN,110
A0A173X213,TRP,110,ASN,111
A0A174DHW4,TRP,109,ASN,110
A0A174Z1I5,TRP,109,ASN,110
A0A174VR89,TRP,109,ASN,110
A0A174XN37,TRP,109,ASN,110
A0A177M7G0,TRP,109,ASN,110
A0A177LY58,TRP,109,ASN,110
A0A177NFR7,TRP,109,ASN,110
A0A177NDG5,TRP,109,ASN,110
A0A177NNP0,TRP,109,ASN,110
A0A182AJ38,TRP,112,ASN,113
A0A198A586,TRP,103,ASN,104
A0A1A8XVI9,TRP,109,ASN,110
A0A1A9N5U7,TRP,119,ASN,120
A0A1B1TM74,TRP,110,ASN,111
A0A1B4XHM7,TRP,109,ASN,110
A0A1B9BID6,TRP,109,ASN,110
A0A1C1A1C9,TRP,103,ASN,104
A0A1C0TWX2,TRP,119,ASN,120
A0A1C4H5G8,TRP,110,ASN,111
A0A1C5M9B0,TRP,109,ASN,110
A0A1C5MBA1,TRP,109,ASN,110
A0A1C5MLC0,TRP,109,ASN,110
A0A1C5PPK4,TRP,108,ASN,109
A0A1C5V3Y7,TRP,109,ASN,110
A0A1C5ZG73,TRP,110,ASN,111
A0A1C5RMP8,TRP,110,ASN,111
A0A1C6EM94,TRP,108,ASN,109
A0A1C6D7D1,TRP,108,ASN,109
A0A1C6JN49,TRP,108,ASN,109
A0A1C6HX75,TRP,109,ASN,110
A0A1D3RLT9,TRP,109,ASN,110
A0A1D3TPI7,TRP,109,ASN,110
A0A1D8TY34,TRP,111,ASN,112
A0A1D9G5Z4,TRP,111,ASN,112
A0A1D9P586,TRP,109,ASN,110
A0A1E2UPH8,TRP,109,ASN,110
A0A1E2WQA1,TRP,111,ASN,112
A0A1E4UW08,TRP,114,GLN,115
A0A1E5QTM0,TRP,111,ASN,112
A0A1E5QKJ1,TRP,111,ASN,112
A0A1F1L6Z3,TRP,109,ASN,110
A0A1G0ZWG4,TRP,109,ASN,110
A0A1G4Q919,TRP,108,ASN,109
A0A1G4PCB0,TRP,109,ASN,110
A0A1G5D5P3,TRP,109,ASN,110
A0A1G5GN87,TRP,109,ASN,110
A0A1G5RXX6,TRP,108,ASN,109
A0A1G5XQN8,TRP,109,ASN,110
A0A1G6AH70,TRP,108,ASN,109
A0A1G6AIH2,TRP,109,ASN,110
A0A1G6AJV0,TRP,108,ASN,109
A0A1G6IL24,TRP,101,ASN,102
A0A1G8GWV5,TRP,108,ASN,109
A0A1H2SQT6,TRP,109,ASN,110
A0A1H3T9T9,TRP,120,ASN,121
A0A1H3Z9B8,TRP,109,ASN,110
A0A1H4F082,TRP,109,ASN,110
A0A1H4GGR8,TRP,108,ASN,109
A0A1H6KF05,TRP,108,ASN,109
A0A1H6V9T4,TRP,108,ASN,109
A0A1H7GLA7,TRP,108,ASN,109
A0A1H7L1B6,TRP,108,ASN,109
A0A1H7XDW0,TRP,109,ASN,110
A0A1H7Y3I7,TRP,118,ASN,119
A0A1H8DA68,TRP,119,ASN,120
A0A1H9ECK3,TRP,108,ASN,109
A0A1H9SLY6,TRP,109,ASN,110
A0A1H9WRN9,TRP,109,ASN,110
A0A1I0D792,TRP,108,ASN,109
A0A1I0F207,TRP,110,ASN,111
A0A1I0R1W3,TRP,109,ASN,110
A0A1I1N2T9,TRP,109,ASN,110
A0A1I1HV77,TRP,109,ASN,110
A0A1I1NIY2,TRP,108,ASN,109
A0A1I2F3C7,TRP,109,ASN,110
A0A1I2TZ36,TRP,109,ASN,110
A0A1I3GPC7,TRP,108,ASN,109
A0A1I3ZUF8,TRP,106,ASN,107
A0A1I4PQE6,TRP,119,ASN,120
A0A1I5CNR4,TRP,108,ASN,109
A0A1I5S5Y4,TRP,119,ASN,120
A0A1I6KRD6,TRP,109,ASN,110
A0A1I6X1F0,TRP,108,ASN,109
A0A1I7GYU4,TRP,109,ASN,110
A0A1I7HSE8,TRP,109,ASN,110
A0A1J4YGQ0,TRP,107,ASN,108
A0A1K1PIK8,TRP,108,ASN,109
A0A1K1PVV9,TRP,107,ASN,108
A0A1L9QK58,TRP,111,ASN,112
A0A1M4ND84,TRP,111,ASN,112
A0A1M4W911,TRP,111,ASN,112
A0A1N7L1L3,TRP,119,ASN,120
A0A1M5ZUU2,TRP,109,ASN,110
A0A1M6DZ74,TRP,108,ASN,109
A0A1M6E2V2,TRP,109,ASN,110
A0A1M7JPN1,TRP,108,ASN,109
A0A1M7SQK8,TRP,109,ASN,110
A0A1Q2TXG6,TRP,110,ASN,111
A0A1Q4R4R5,TRP,110,ASN,111
A0A1Q6EH22,TRP,110,ASN,111
A0A1Q6Q2Q0,TRP,109,ASN,110
A0A1S1Y779,TRP,109,ASN,110
A0A1S8LPH1,TRP,109,ASN,110
A0A1S8NJC6,TRP,109,ASN,110
A0A1S8TEN2,TRP,109,ASN,110
A0A1S8S9C9,TRP,109,ASN,110
A0A1S8RTX8,TRP,109,ASN,110
A0A1S8TLL7,TRP,109,ASN,110
A0A1S9NBC9,TRP,109,ASN,110
A0A1T2KR94,TRP,109,ASN,110
A0A1T2L8Z3,TRP,109,ASN,110
A0A1T4JHJ5,TRP,108,ASN,109
A0A1T4N778,TRP,108,ASN,109
A0A1T4WCW7,TRP,109,ASN,110
A0A1T4YD93,TRP,109,ASN,110
A0A1T5BIU5,TRP,109,ASN,110
A0A1T4W186,TRP,109,ASN,110
A0A1U7HFD1,TRP,111,ASN,112
A0A1U7J9V1,TRP,111,ASN,112
A0A1U7HPN0,TRP,111,ASN,112
A0A1U7I4D0,TRP,111,ASN,112
A0A1U7NBY2,TRP,111,ASN,112
A0A1T4WES0,TRP,109,ASN,110
A0A1V3NL71,TRP,109,ASN,110
A0A1V4BSU2,TRP,108,ASN,109
A0A1V4IZ21,TRP,109,ASN,110
A0A1V4J110,TRP,109,ASN,110
A0A1V5GLA3,TRP,108,ASN,109
A0A1V5NLG8,TRP,109,ASN,110
A0A1V5V7H9,TRP,111,ASN,112
A0A1V8M9M7,TRP,109,ASN,110
A0A1V6HFV6,TRP,107,ASN,108
A0A1V8Q7P2,TRP,110,ASN,111
A0A1V8PRZ8,TRP,110,ASN,111
A0A1W1X2N6,TRP,109,ASN,110
A0A1W1XAT2,TRP,117,GLN,118
A0A1W2BB21,TRP,117,ASN,118
A0A1W9I068,TRP,131,GLN,132
A0A1W9LBW8,TRP,109,ASN,110
A0A1X7CJ20,TRP,109,ASN,110
A0A1Y1CN56,TRP,109,ASN,110
A0A1Y0RTF9,TRP,111,ASN,112
A0A1Y2SSK6,TRP,111,ASN,112
A0A1Y3TPW0,TRP,108,ASN,109
A0A1Y3UG04,TRP,111,ASN,112
A0A1Y4CMU6,TRP,111,ASN,112
A0A1Y4DWR6,TRP,111,ASN,112
A0A1Y4BPJ5,TRP,111,ASN,112
A0A1Y3XQD5,TRP,108,ASN,109
A0A1Y3WCU0,TRP,108,ASN,109
A0A1Y4DR08,TRP,111,ASN,112
A0A1Y4BAH4,TRP,111,ASN,112
A0A1Y4ANG1,TRP,111,ASN,112
A0A1Y4DZY2,TRP,111,ASN,112
A0A1Y4EWL6,TRP,109,ASN,110
A0A1Y4I959,TRP,112,ASN,113
A0A1Y4J3W6,TRP,108,ASN,109
A0A1Y4K4Q0,TRP,111,ASN,112
A0A1Y4SXT1,TRP,108,ASN,109
A0A1Y4RPJ1,TRP,109,ASN,110
A0A1Y4KXD2,TRP,109,ASN,110
A0A1Y4T9W9,TRP,108,ASN,109
A0A1Y4J0V7,TRP,108,ASN,109
A0A1Y5DW56,TRP,119,ASN,120
A0A1Y5DL89,TRP,106,ASN,107
A0A1Y5EBV1,TRP,119,ASN,120
A0A1Y5F282,TRP,106,ASN,107
A0A1Z3HM62,TRP,110,ASN,111
A0A1Z4GHB6,TRP,111,ASN,112
A0A1Z4ICU9,TRP,111,ASN,112
A0A1Z4KX29,TRP,111,ASN,112
A0A1Z4NDI0,TRP,111,ASN,112
A0A1Z4QFH8,TRP,111,ASN,112
A0A1Z4RQL1,TRP,124,ASN,125
A0A1Z4QXY7,TRP,111,ASN,112
A0A1Z5HAP9,TRP,109,ASN,110
A0A1Z4N4V9,TRP,111,ASN,112
A0A1Z7WTL3,TRP,119,ASN,120
A0A1Z7WS55,TRP,106,ASN,107
A0A1Z8NNZ0,TRP,106,ASN,107
A0A1Z8UIG6,TRP,110,ASN,111
A0A1Z7ZHL9,TRP,119,ASN,120
A0A1Z9AGM8,TRP,106,ASN,107
A0A210WAF0,TRP,123,ASN,124
A0A218QL89,TRP,111,ASN,112
A0A218PXA8,TRP,111,ASN,112
A0A222F388,TRP,119,ASN,120
A0A226X2L6,TRP,124,ASN,125
A0A235HP39,TRP,111,ASN,112
A0A235IAR1,TRP,111,ASN,112
A0A235J5M2,TRP,111,ASN,112
A0A239REU0,TRP,108,ASN,109
A0A248TIU2,TRP,119,ASN,120
A0A250L024,TRP,109,ASN,110
A0A251WCZ2,TRP,110,ASN,111
A0A252DJ77,TRP,111,ASN,112
A0A252DPU5,TRP,111,ASN,112
A0A256WCX7,TRP,107,ASN,108
A0A257SWK7,TRP,109,ASN,110
A0A258S6U7,TRP,109,ASN,110
A0A261EVN5,TRP,110,ASN,111
A0A261EZP6,TRP,110,ASN,111
A0A261EX08,TRP,110,ASN,111
A0A261F6Y6,TRP,111,ASN,112
A0A261FCG5,TRP,111,ASN,112
A0A261FSV9,TRP,111,ASN,112
A0A261G186,TRP,111,ASN,112
A0A261FJ98,TRP,110,ASN,111
A0A261FVN5,TRP,110,ASN,111
A0A261G8N7,TRP,110,ASN,111
A0A261KRZ9,TRP,112,ASN,113
A0A285PBZ7,TRP,119,ASN,120
A0A291IF01,TRP,109,ASN,110
A0A292RW83,TRP,109,ASN,110
A0A292RWR2,TRP,109,ASN,110
A0A2A2EJJ3,TRP,110,ASN,111
A0A2A2EFL7,TRP,110,ASN,111
A0A2A2R800,TRP,109,ASN,110
A0A2A4MMU8,TRP,106,ASN,107
A0A2A4UEG6,TRP,107,ASN,108
A0A2A4Y5V4,TRP,119,ASN,120
A0A2A5AKX2,TRP,119,ASN,120
A0A2A5FPK1,TRP,119,ASN,120
A0A2A5G1T0,TRP,124,ASN,125
A0A2A5BHX1,TRP,106,ASN,107
A0A2A5WFC7,TRP,116,ASN,117
A0A2A7H6X4,TRP,119,ASN,120
A0A2A7MM84,TRP,109,ASN,110
A0A2D0HDB2,TRP,111,ASN,112
A0A2D3D5L1,TRP,110,ASN,111
A0A2D4YYL6,TRP,106,ASN,107
A0A2D5ARX1,TRP,109,ASN,110
A0A2D5EQK8,TRP,110,ASN,111
A0A2D6FCT6,TRP,106,ASN,107
A0A2D6UGN4,TRP,109,ASN,110
A0A2D6Y7P0,TRP,106,ASN,107
A0A2D7B9R9,TRP,109,ASN,110
A0A2D6VJX0,TRP,111,ASN,112
A0A2D7PSW8,TRP,106,ASN,107
A0A2D8I0J3,TRP,111,ASN,112
A0A2D8Q3X9,TRP,119,ASN,120
A0A2D8VEH0,TRP,112,ASN,113
A0A2E0AG94,TRP,106,ASN,107
A0A2E0KH08,TRP,106,ASN,107
A0A2E0TMJ2,TRP,110,ASN,111
A0A2E1ZL32,TRP,116,ASN,117
A0A2E2D7K4,TRP,106,ASN,107
A0A2E3ESG1,TRP,119,ASN,120
A0A2E3UMI3,TRP,116,ASN,117
A0A2E5A0G3,TRP,147,ASN,148
A0A2E6TFD4,TRP,109,ASN,110
A0A2E7DM80,TRP,116,ASN,117
A0A2E8XL25,TRP,116,ASN,117
A0A2E9C3H4,TRP,119,ASN,120
A0A2E9RVA5,TRP,109,ASN,110
A0A2G2IG62,TRP,119,ASN,120
A0A2G2QEV2,TRP,106,ASN,107
A0A2G2QBV4,TRP,119,ASN,120
A0A2G3PZH0,TRP,109,ASN,110
A0A2G2LM83,TRP,106,ASN,107
A0A2G6TZI6,TRP,126,ASN,127
A0A2G6Y3A8,TRP,119,ASN,120
A0A2G7TAR5,TRP,129,ASN,130
A0A2G7GKJ3,TRP,111,ASN,112
A0A2G9ZZY8,TRP,109,ASN,110
A0A2H0M751,TRP,101,ASN,102
A0A2H6J8H6,TRP,109,ASN,110
A0A2H6BW74,TRP,111,ASN,112
A0A2H6LF76,TRP,111,ASN,112
A0A2I0DB10,TRP,119,ASN,120
A0A2I1J5W7,TRP,111,ASN,112
A0A2I1J3C5,TRP,110,ASN,111
A0A2K0X2L1,TRP,110,ASN,111
A0A2K1SVK7,TRP,110,ASN,111
A0A2K8UGC6,TRP,109,ASN,110
A0A2K8SST0,TRP,106,ASN,107
A0A2K8WQU6,TRP,111,ASN,112
A0A2L2XSC6,TRP,111,ASN,112
A0A2L2NB39,TRP,111,ASN,112
A0A2L2NTF9,TRP,111,ASN,112
A0A2M7HC91,TRP,107,ASN,108
A0A2M7PZJ4,TRP,107,ASN,108
A0A2M7WQR4,TRP,107,ASN,108
A0A2M8T8U2,TRP,109,ASN,110
A0A2M8Z4C0,TRP,109,ASN,110
A0A2M9HLJ4,TRP,110,ASN,111
A0A2M9HQI6,TRP,110,ASN,111
A0A2N0D1K6,TRP,119,ASN,120
A0A2N0T406,TRP,110,ASN,111
A0A2N0V6G1,TRP,109,ASN,110
A0A2N1HH08,TRP,119,ASN,120
A0A2N2AF69,TRP,109,ASN,110
A0A2N2JB06,TRP,109,ASN,110
A0A2N3HUY8,TRP,109,ASN,110
A0A2N3HV03,TRP,109,ASN,110
A0A2N3PXR6,TRP,109,ASN,110
A0A2N3QGI5,TRP,110,ASN,111
A0A2N3QPB4,TRP,110,ASN,111
A0A2N3R6R2,TRP,110,ASN,111
A0A2N3QVY6,TRP,110,ASN,111
A0A2N3QWR2,TRP,110,ASN,111
A0A2N3RCM5,TRP,110,ASN,111
A0A2N5IXW2,TRP,110,ASN,111
A0A2N5J4B2,TRP,111,ASN,112
A0A2N5ITW6,TRP,110,ASN,111
A0A2N6K9P8,TRP,111,ASN,112
A0A2N6LCG6,TRP,111,ASN,112
A0A2N6JUM3,TRP,111,ASN,112
A0A2N6RYY2,TRP,110,ASN,111
A0A2P1UKQ9,TRP,111,ASN,112
A0A2P5M619,TRP,109,ASN,110
A0A2P5LF74,TRP,109,ASN,110
A0A2P5MY74,TRP,109,ASN,110
A0A2P5N906,TRP,109,ASN,110
A0A2P8MG42,TRP,109,ASN,110
A0A2P8QJC3,TRP,111,ASN,112
A0A2P8QN74,TRP,111,ASN,112
A0A2P8W6C7,TRP,111,ASN,112
A0A2R5FTQ2,TRP,111,ASN,112
A0A2S6H332,TRP,109,ASN,110
A0A2S6HVV5,TRP,109,ASN,110
A0A2S6VG59,TRP,111,ASN,112
A0A2S7FET3,TRP,109,ASN,110
A0A2T0BBT2,TRP,109,ASN,110
A0A2T0MI09,TRP,119,ASN,120
A0A2T1C5E5,TRP,111,ASN,112
A0A2T1LVE2,TRP,111,ASN,112
A0A2T2S108,TRP,111,ASN,112
A0A2T2RE56,TRP,111,ASN,112
A0A2T1E9N3,TRP,111,ASN,112
A0A2T2VZH3,TRP,111,ASN,112
A0A2T3GFZ9,TRP,110,ASN,111
A0A2T6N1I3,TRP,109,ASN,110
A0A2T6NR51,TRP,109,ASN,110
A0A2U0A165,TRP,109,ASN,110
A0A2T9ZRX8,TRP,109,ASN,110
A0A2U2B5A0,TRP,109,ASN,110
A0A2U2NA70,TRP,110,ASN,111
A0A2U3P0A4,TRP,113,GLN,114
A0A2U8DR08,TRP,109,ASN,110
A0A2V2DUT4,TRP,109,ASN,110
A0A2V2RU86,TRP,109,ASN,110
A0A2V3Y5Q0,TRP,109,ASN,110
A0A2V3UI68,TRP,119,ASN,120
A0A2V3ZVA1,TRP,109,ASN,110
A0A2W4QYK0,TRP,109,ASN,110
A0A2W4WCW0,TRP,111,ASN,112
A0A2W7A7G4,TRP,111,ASN,112
A0A2W7BL41,TRP,112,ASN,113
A0A2W7BHN3,TRP,111,ASN,112
A0A2Z5G426,TRP,124,ASN,125
A0A2Z4YMS4,TRP,124,ASN,125
A0A2Z5T5C6,TRP,111,ASN,112
A0A2Z6AV39,TRP,109,ASN,110
A0A2Z6CRR6,TRP,111,ASN,112
A0A2Z6CM10,TRP,111,ASN,112
A0A2Z6UWW7,TRP,111,ASN,112
A0A315XXW0,TRP,108,ASN,109
A0A316L3A3,TRP,119,ASN,120
A0A316JNV8,TRP,106,ASN,107
A0A317ZGY9,TRP,108,ASN,109
A0A318MHM4,TRP,110,ASN,111
A0A328PXC0,TRP,107,ASN,108
A0A328UL05,TRP,109,ASN,110
A0A348NP03,TRP,108,ASN,109
A0A349DA24,TRP,109,ASN,110
A0A349GNN0,TRP,108,ASN,109
A0A349HGF5,TRP,106,ASN,107
A0A349YSA5,TRP,109,ASN,110
A0A349WDQ4,TRP,109,ASN,110
A0A350HYM4,TRP,109,ASN,110
A0A350XFQ5,TRP,111,ASN,112
A0A350Y2U0,TRP,111,ASN,112
A0A350XYR0,TRP,109,ASN,110
A0A351LCP8,TRP,111,ASN,112
A0A351V8E2,TRP,109,ASN,110
A0A351YZE0,TRP,108,ASN,109
A0A352WKH3,TRP,108,ASN,109
A0A352XGC3,TRP,111,ASN,112
A0A353GR59,TRP,108,ASN,109
A0A353S8X1,TRP,108,ASN,109
A0A353EZJ7,TRP,109,ASN,110
A0A354CMN4,TRP,109,ASN,110
A0A354IAM7,TRP,109,ASN,110
A0A354D4P4,TRP,108,ASN,109
A0A354K5X9,TRP,108,ASN,109
A0A355G1I9,TRP,108,ASN,109
A0A355SUK1,TRP,108,ASN,109
A0A355KTT3,TRP,109,ASN,110
A0A355V5C0,TRP,108,ASN,109
A0A355DKJ7,TRP,92,ASN,93
A0A356R5Q4,TRP,119,ASN,120
A0A356KAJ2,TRP,137,ASN,138
A0A357A9P7,TRP,111,ASN,112
A0A366KBL4,TRP,110,ASN,111
A0A366K968,TRP,110,ASN,111
A0A367QKV0,TRP,111,ASN,112
A0A367R1J9,TRP,111,ASN,112
A0A368VB25,TRP,109,ASN,110
A0A370DA82,TRP,107,ASN,108
A0A370DLW2,TRP,119,ASN,120
A0A371WWM3,TRP,119,ASN,120
A0A373LV61,TRP,108,ASN,109
A0A373UTM9,TRP,108,ASN,109
A0A374JW23,TRP,108,ASN,109
A0A374P870,TRP,109,ASN,110
A0A374VW07,TRP,108,ASN,109
A0A395VCN2,TRP,167,ASN,168
A0A395XID7,TRP,110,ASN,111
A0A399IUF6,TRP,109,ASN,110
A0A3A1N4I6,TRP,119,ASN,120
A0A3A1WU26,TRP,110,ASN,111
A0A3A1X3H5,TRP,110,ASN,111
A0A3A1WX00,TRP,110,ASN,111
A0A3A1XA66,TRP,110,ASN,111
A0A3A1XWE5,TRP,110,ASN,111
A0A3A1XUT2,TRP,110,ASN,111
A0A3A1XGM5,TRP,110,ASN,111
A0A3A1XTA1,TRP,110,ASN,111
A0A3A4QI83,TRP,109,ASN,110
A0A3A4W3E1,TRP,109,ASN,110
A0A3A4T3J7,TRP,109,ASN,110
A0A3A6JL52,TRP,108,ASN,109
A0A3A8YFE4,TRP,109,ASN,110
A0A3A9GIL9,TRP,108,ASN,109
A0A3A8W592,TRP,109,ASN,110
A0A3A9SAI1,TRP,109,ASN,110
A0A3A9SVH3,TRP,109,ASN,110
A0A3A9SF94,TRP,109,ASN,110
A0A3B8JUH6,TRP,111,ASN,112
A0A3B8Y3E5,TRP,111,ASN,112
A0A3B9BE40,TRP,110,ASN,111
A0A3B9ILJ9,TRP,119,ASN,120
A0A3B9IW37,TRP,108,ASN,109
A0A3C0AUF1,TRP,110,ASN,111
A0A3C0BKS2,TRP,105,ASN,106
A0A3C0N993,TRP,111,ASN,112
A0A3C0QP55,TRP,108,ASN,109
A0A3C0TF28,TRP,108,ASN,109
A0A3C1H539,TRP,108,ASN,109
A0A3C0I2J3,TRP,109,ASN,110
A0A3D0ST01,TRP,109,ASN,110
A0A3D1URZ1,TRP,110,ASN,111
A0A3D1TPK5,TRP,110,ASN,111
A0A3D1R7F5,TRP,109,ASN,110
A0A3D1ZT48,TRP,110,ASN,111
A0A3D2I464,TRP,108,ASN,109
A0A3D2N5M1,TRP,108,ASN,109
A0A3D2TPJ8,TRP,108,ASN,109
A0A3D2X1D4,TRP,109,ASN,110
A0A3D4LUQ7,TRP,108,ASN,109
A0A3D4Y4P6,TRP,108,ASN,109
A0A3D5ICV8,TRP,109,ASN,110
A0A3D5MSL0,TRP,109,ASN,110
A0A3D5MSM0,TRP,109,ASN,110
A0A3D5TQI6,TRP,109,ASN,110
A0A3D6A560,TRP,112,ASN,113
A0A3D6D6S7,TRP,148,ASN,149
A0A3E0L1B0,TRP,111,ASN,112
A0A3E0LPB3,TRP,111,ASN,112
A0A3E0M171,TRP,111,ASN,112
A0A3E1IWB7,TRP,110,ASN,111
A0A3E1J093,TRP,110,ASN,111
A0A3E2CM69,TRP,110,ASN,111
A0A3E2D8L1,TRP,110,ASN,111
A0A3E2V3J5,TRP,110,ASN,111
A0A3E2CQ99,TRP,110,ASN,111
A0A3E2N780,TRP,109,ASN,110
A0A3G9JVA2,TRP,111,ASN,112
A0A3M1D5H5,TRP,109,ASN,110
A0A3M1L2A9,TRP,111,ASN,112
A0A3M1HNA7,TRP,107,ASN,108
A0A3M1UM90,TRP,109,ASN,110
A0A3M1T2W4,TRP,110,ASN,111
A0A3M1WS21,TRP,109,ASN,110
A0A3M2C2A9,TRP,109,GLN,110
A0A3M2F8Q4,TRP,107,ASN,108
A0A3M2ECJ0,TRP,107,ASN,108
A0A3M1V8J6,TRP,109,ASN,110
A0A3M1ZQQ0,TRP,107,ASN,108
A0A3M9Z0S3,TRP,111,ASN,112
A0A3N1XP83,TRP,109,ASN,110
A0A3N1Y8I1,TRP,109,ASN,110
A0A3N6PHJ8,TRP,112,ASN,113
A0A3N7DNY5,TRP,119,ASN,120
A0A3N8L8T1,TRP,119,ASN,120
A0A3R6MWE0,TRP,108,ASN,109
A0A3R6SGY9,TRP,108,ASN,109
A0A3R6MF40,TRP,108,ASN,109
A0A3R6RUC0,TRP,108,ASN,109
A0A3R6NUY8,TRP,108,ASN,109
A0A3R6UDC0,TRP,108,ASN,109
A0A3S0A1A3,TRP,103,ASN,104
A0A3S0UF52,TRP,109,ASN,110
A0A3S1C0C0,TRP,130,ASN,131
A0A402D8S2,TRP,111,ASN,112
A0A413FBD5,TRP,108,ASN,109
A0A413FF79,TRP,110,ASN,111
A0A413YV09,TRP,109,ASN,110
A0A414DE31,TRP,109,ASN,110
A0A415MCB2,TRP,109,ASN,110
A0A416NN08,TRP,109,ASN,110
A0A417GGG1,TRP,109,ASN,110
A0A417Y0Z3,TRP,123,ASN,124
A0A419STQ5,TRP,109,ASN,110
A0A419X342,TRP,126,ASN,127
A0A421L0F3,TRP,110,ASN,111
A0A421K7D3,TRP,109,ASN,110
A0A423UGB6,TRP,110,ASN,111
A0A425Y184,TRP,109,ASN,110
A0A430F925,TRP,110,ASN,111
A0A430FQM2,TRP,110,ASN,111
A0A430FL25,TRP,110,ASN,111
A0A430FH79,TRP,111,ASN,112
A0A432HKY9,TRP,109,ASN,110
A0A432RJW6,TRP,109,ASN,110
A0A432ENP0,TRP,109,ASN,110
A0A433N232,TRP,111,ASN,112
A0A433VLL8,TRP,111,ASN,112
A0A434AXK8,TRP,109,ASN,110
A0A444LMF8,TRP,124,ASN,125
A0A450SNT3,TRP,109,ASN,110
A0A450SMW1,TRP,114,ASN,115
A0A450T4Q7,TRP,109,ASN,110
A0A450RY34,TRP,177,ASN,178
A0A450T4U4,TRP,109,ASN,110
A0A450U7W8,TRP,109,ASN,110
A0A450US20,TRP,183,ASN,184
A0A450THG2,TRP,109,ASN,110
A0A450UBX7,TRP,172,ASN,173
A0A450W1R7,TRP,174,ASN,175
A0A450X9Q6,TRP,109,ASN,110
A0A450ZEZ5,TRP,109,ASN,110
A0A450XJH7,TRP,118,ASN,119
A0A450YHF0,TRP,109,ASN,110
A0A450WKE8,TRP,109,ASN,110
A0A450ZRI5,TRP,109,ASN,110
A0A450WU19,TRP,183,ASN,184
A0A451AX59,TRP,109,ASN,110
A0A451BDI5,TRP,118,ASN,119
A0A480A0E2,TRP,111,ASN,112
A0A496W1A9,TRP,109,ASN,110
A0A496UM85,TRP,109,GLN,110
A0A496Z896,TRP,109,ASN,110
A0A498CLM3,TRP,109,ASN,110
A0A4P6PIP3,TRP,105,ASN,106
A0A4P9URN8,TRP,109,ASN,110
A0A4Q5AR59,TRP,110,ASN,111
A0A4Q5BHG9,TRP,110,ASN,111
A0A4Q5A9L9,TRP,110,ASN,111
A0A4Q7E1C3,TRP,110,ASN,111
A0A4R0QYL9,TRP,106,ASN,107
A0A4R0QSM0,TRP,111,ASN,112
A0A4R0XBS1,TRP,124,ASN,125
A0A4R1H745,TRP,109,ASN,110
A0A4R1RJF0,TRP,108,ASN,109
A0A4R1R6V3,TRP,108,ASN,109
A0A4R4AFZ5,TRP,109,ASN,110
A0A4R6TEM5,TRP,119,ASN,120
A0A4R8IVA2,TRP,109,ASN,110
A0A4S1DRG1,TRP,119,ASN,120
A0A4S2ESA0,TRP,111,ASN,112
A0A4S2GY68,TRP,109,ASN,110
A0A4S4F4D9,TRP,110,ASN,111
A0A4U8QKE6,TRP,109,ASN,110
A0A4Y3G473,TRP,106,ASN,107
A0A4Z0W5W2,TRP,109,ASN,110
A0A510PE18,TRP,129,ASN,130
A0A521NQX6,TRP,119,ASN,120
A0A521WVG6,TRP,109,ASN,110
A0A522WNT8,TRP,109,ASN,110
A0A522VG46,TRP,109,ASN,110
A0A522UFS0,TRP,110,ASN,111
A0A522XDE0,TRP,111,ASN,112
A0A524N2Y2,TRP,109,ASN,110
A0A525CIT5,TRP,142,ASN,143
A0A545SKM3,TRP,234,ASN,235
A0A551YWN9,TRP,111,ASN,112
A0A552B4K9,TRP,111,ASN,112
A0A552EBF2,TRP,111,ASN,112
A0A552DV92,TRP,111,ASN,112
A0A552DH21,TRP,111,ASN,112
A0A552CF38,TRP,111,ASN,112
A0A552HZS2,TRP,111,ASN,112
A0A552ADR8,TRP,111,ASN,112
A0A552LYS2,TRP,111,ASN,112
A0A552PXK7,TRP,111,ASN,112
A0A552KW04,TRP,111,ASN,112
A0A552M534,TRP,111,ASN,112
A0A552JAQ3,TRP,111,ASN,112
A0A553DH95,TRP,119,ASN,120
A0A556R9G9,TRP,110,ASN,111
A0A561BB77,TRP,119,ASN,120
A0A562UDF9,TRP,124,ASN,125
A0A563VRX5,TRP,111,ASN,112
A0A5A5RYM5,TRP,111,ASN,112
A0A5A5RYG6,TRP,111,ASN,112
A0A564W2K8,TRP,110,ASN,111
A0A5A5RCV3,TRP,111,ASN,112
A0A5B8NN50,TRP,111,ASN,112
A0A5B9Y9W9,TRP,109,ASN,110
A0A5C8V5Q7,TRP,119,ASN,120
A0A5F0LZ82,TRP,131,ASN,132
A0A5J5DVG6,TRP,110,ASN,111
A0A5J5E266,TRP,110,ASN,111
A0A5J5LWK7,TRP,111,ASN,112
A0A5J4FCK1,TRP,111,ASN,112
A0A5J6PYF3,TRP,112,ASN,113
A0A5K7YMH8,TRP,109,ASN,110
A0A5K7Z4G2,TRP,109,ASN,110
A0A5K7ZXR6,TRP,109,ASN,110
A0A5M8FP66,TRP,109,ASN,110
A0A5M9ZIP4,TRP,110,ASN,111
A0A5N5RFN0,TRP,110,ASN,111
A0A5N6S334,TRP,110,ASN,111
A0A5P6VPK0,TRP,108,ASN,109
A0A5P8W075,TRP,111,ASN,112
A0A5P9CXR5,TRP,119,ASN,120
A0A5Q0BL55,TRP,109,ASN,110
A0A5Q4E1G4,TRP,111,ASN,112
A0A643FUZ5,TRP,131,GLN,132
A0A650EQ56,TRP,108,ASN,109
A0A650MWA2,TRP,109,ASN,110
A0A651E3Q7,TRP,111,ASN,112
A0A661CUC5,TRP,106,ASN,107
A0A661FPW5,TRP,109,ASN,110
A0A662ZFH0,TRP,109,ASN,110
A0A6A2VVA5,TRP,110,ASN,111
A0A6B3MFD4,TRP,111,ASN,112
A0A6B3NZ47,TRP,112,ASN,113
A0A6C2TV79,TRP,105,ASN,106
A0A6C2URG8,TRP,105,ASN,106
A0A6G3YVL9,TRP,110,ASN,111
A0A6G7VG51,TRP,109,ASN,110
A0A6G9SET7,TRP,111,ASN,112
A0A6H1TU35,TRP,112,ASN,113
A0A6H2NI70,TRP,110,ASN,111
A0A6H9GKI9,TRP,111,ASN,112
A0A6I1GQR1,TRP,110,ASN,111
A0A6I1GLE5,TRP,110,ASN,111
A0A6I2SZ10,TRP,110,ASN,111
A0A6I5NEN7,TRP,109,ASN,110
A0A6I5NM10,TRP,110,ASN,111
A0A6I5RK37,TRP,99,ASN,100
A0A6I5NE44,TRP,111,ASN,112
A0A6I5QVK9,TRP,110,ASN,111
A0A6I6DXC7,TRP,109,ASN,110
A0A6I7N372,TRP,108,ASN,109
A0A6I7WGS2,TRP,109,ASN,110
A0A6I7W924,TRP,109,ASN,110
A0A6I7WRE9,TRP,109,ASN,110
A0A6I7X277,TRP,109,ASN,110
A0A6J4Y0U0,TRP,109,ASN,110
A0A6L4X1B8,TRP,110,ASN,111
A0A6L5DZ74,TRP,109,ASN,110
A0A6L6JN31,TRP,106,ASN,107
A0A6L5Y0P4,TRP,109,ASN,110
A0A6L9STL5,TRP,111,ASN,112
A0A6L9ZIL3,TRP,112,ASN,113
A0A6L9YCP1,TRP,111,ASN,112
A0A6M0FAY1,TRP,112,ASN,113
A0A6M0APA2,TRP,111,ASN,112
A0A6M0AX88,TRP,111,ASN,112
A0A6M0C7I6,TRP,112,ASN,113
A0A6M0BFY1,TRP,111,ASN,112
A0A6M0F3G3,TRP,111,ASN,112
A0A6M0K5H5,TRP,109,ASN,110
A0A6M0SBB4,TRP,110,ASN,111
A0A6M0J8Z8,TRP,111,ASN,112
A0A6M0RJR2,TRP,110,ASN,111
A0A6M8BEC1,TRP,111,ASN,112
A0A6N0HZ03,TRP,109,ASN,110
A0A6N0M0W8,TRP,111,ASN,112
A0A6N1DWQ2,TRP,109,ASN,110
A0A6N1YII6,TRP,109,ASN,110
A0A6N2ELJ0,TRP,112,ASN,113
A0A6N3A178,TRP,109,ASN,110
A0A6N3GSY9,TRP,108,ASN,109
A0A6N3DA07,TRP,109,ASN,110
A0A6N6N7U5,TRP,109,ASN,110
A0A6N6TA31,TRP,109,ASN,110
A0A6N7AJQ5,TRP,109,ASN,110
A0A6N7TW23,TRP,110,ASN,111
A0A6N8I111,TRP,109,ASN,110
A0A6N8EFC8,TRP,109,ASN,110
A0A6N9PLQ5,TRP,107,ASN,108
A0A6N9Z4J4,TRP,110,ASN,111
A0A6P0ILG8,TRP,111,ASN,112
A0A6P0KPQ2,TRP,111,ASN,112
A0A6P0LCW2,TRP,111,ASN,112
A0A6P0M220,TRP,111,ASN,112
A0A6P0P2Y6,TRP,112,ASN,113
A0A6P0NT34,TRP,112,ASN,113
A0A6P0Q5N1,TRP,111,ASN,112
A0A6P0THE5,TRP,111,ASN,112
A0A6P0WDW0,TRP,111,ASN,112
A0A6P0RK71,TRP,112,ASN,113
A0A6P0SQC3,TRP,111,ASN,112
A0A6P0ZZ55,TRP,111,ASN,112
A0A6P0YKY3,TRP,112,ASN,113
A0A6P0U108,TRP,112,ASN,113
A0A6P0YUH3,TRP,111,ASN,112
A0A6P1AM86,TRP,111,ASN,112
A0A6P1DQ60,TRP,109,ASN,110
A0A6P1KWQ3,TRP,111,ASN,112
A0A6P1M1F6,TRP,105,ASN,106
A0A6P1TLN3,TRP,109,ASN,110
A0A6P2A9X9,TRP,111,ASN,112
A0A6P1ZZH6,TRP,111,ASN,112
A0A6P1ZAV3,TRP,109,ASN,110
A0A6P2AYN5,TRP,111,ASN,112
A0A6V8SRF3,TRP,109,ASN,110
A0A7C1THU7,TRP,109,ASN,110
A0A7C1TLP6,TRP,109,ASN,110
A0A7C1U234,TRP,109,ASN,110
A0A7C1TSG6,TRP,109,ASN,110
A0A7C1WL18,TRP,119,ASN,120
A0A7C1VJA2,TRP,106,ASN,107
A0A7C1Y0D7,TRP,119,ASN,120
A0A7C1WHP6,TRP,109,ASN,110
A0A7C2MU00,TRP,109,ASN,110
A0A7C1YM42,TRP,109,ASN,110
A0A7C2N912,TRP,109,ASN,110
A0A7C3FYV8,TRP,119,ASN,120
A0A7C3IM15,TRP,109,ASN,110
A0A7C3H9B1,TRP,107,ASN,108
A0A7C2R1V8,TRP,107,ASN,108
A0A7C3KFN8,TRP,111,ASN,112
A0A7C3ZM53,TRP,111,ASN,112
A0A7C3QCS6,TRP,98,ASN,99
A0A7C4S220,TRP,109,ASN,110
A0A7C5DUC2,TRP,109,ASN,110
A0A7C5PUB6,TRP,109,ASN,110
A0A7C5KVX5,TRP,119,ASN,120
A0A7C5XUC6,TRP,109,ASN,110
A0A7C6PQB4,TRP,110,ASN,111
A0A7C6W2W4,TRP,109,ASN,110
A0A7C7CHG7,TRP,109,ASN,110
A0A7C7PDX1,TRP,106,ASN,107
A0A7C7UIL5,TRP,109,ASN,110
A0A7C8HGZ0,TRP,109,ASN,110
A0A7C9H568,TRP,109,ASN,110
A0A7C7TTJ5,TRP,116,ASN,117
A0A7D5RWU3,TRP,109,ASN,110
A0A7D7LBE1,TRP,111,ASN,112
A0A7G6RIA4,TRP,124,ASN,125
A0A7G7KEJ2,TRP,106,ASN,107
A0A7G7KRV5,TRP,106,ASN,107
A0A7G8E419,TRP,106,ASN,107
A0A7G7XDT1,TRP,131,GLN,132
A0A7G8DPA1,TRP,106,ASN,107
A0A7G8DAG5,TRP,106,ASN,107
A0A7G8ED79,TRP,106,ASN,107
A0A7G8F285,TRP,106,ASN,107
A0A7G8FTI8,TRP,106,ASN,107
A0A7G8GNV6,TRP,106,ASN,107
A0A7G8H9X0,TRP,106,ASN,107
A0A7G8IXR4,TRP,106,ASN,107
A0A7G8H1J1,TRP,106,ASN,107
A0A7G8FK63,TRP,106,ASN,107
A0A7G8GVJ0,TRP,106,ASN,107
A0A7G8HI19,TRP,106,ASN,107
A0A7G8J365,TRP,106,ASN,107
A0A7G8TG06,TRP,109,ASN,110
A0A7G9FLL3,TRP,109,ASN,110
A0A7H0HGW6,TRP,119,ASN,120
A0A7K1J4C0,TRP,110,ASN,111
A0A7K3THX1,TRP,110,ASN,111
A0A7L6AYH4,TRP,106,ASN,107
A0A7L9UNC5,TRP,110,ASN,111
A0A7M3ME99,TRP,150,ASN,151
A0A7R7AI11,TRP,109,ASN,110
A0A7R7EK87,TRP,109,ASN,110
A0A7S6U6K1,TRP,111,ASN,112
A0A7T0JN58,TRP,109,ASN,110
A0A7T2YVR5,TRP,123,ASN,124
A0A7T5JDK0,TRP,110,ASN,111
A0A7U4H4A4,TRP,110,ASN,111
A0A7U6JHJ6,TRP,109,ASN,110
A0A7V2WR73,TRP,119,ASN,120
A0A7V5JFG2,TRP,109,ASN,110
A0A7V3QZB4,TRP,109,ASN,110
A0A7V2NKV9,TRP,109,ASN,110
A0A7V7QN31,TRP,109,ASN,110
A0A7V8AL53,TRP,109,ASN,110
A0A7V8HPU5,TRP,110,ASN,111
A0A7W8GA30,TRP,108,ASN,109
A0A7X1E745,TRP,108,ASN,109
A0A7X1E745,TRP,113,GLN,114
A0A7X1L969,TRP,109,ASN,110
A0A7X4Z867,TRP,109,ASN,110
A0A7X5KQ83,TRP,108,ASN,109
A0A7X7F6N2,TRP,110,ASN,111
A0A7X7I7X5,TRP,109,ASN,110
A0A7X7DQ53,TRP,109,ASN,110
A0A7X9S3I9,TRP,109,ASN,110
A0A7X9BIH1,TRP,110,ASN,111
A0A7Y0ETA9,TRP,110,ASN,111
A0A7Y0F249,TRP,110,ASN,111
A0A7Y0EFX3,TRP,109,ASN,110
A0A7Y0HVR4,TRP,110,ASN,111
A0A7Y0HUU2,TRP,110,ASN,111
A0A7Y0PVV5,TRP,109,ASN,110
A0A7Y1ULU8,TRP,109,ASN,110
A0A7Y1TYF8,TRP,116,ASN,117
A0A7Y4RU50,TRP,99,ASN,100
A0A7Y4XI86,TRP,119,ASN,120
A0A7Y7XVZ1,TRP,131,ASN,132
A0A7Z0VPH3,TRP,109,ASN,110
A0A7Z8R1X3,TRP,109,ASN,110
A0A7Z8QG57,TRP,99,ASN,100
A0A7Z8QW45,TRP,109,ASN,110
A0A7Z8Q9U4,TRP,99,ASN,100
A0A7Z8QIE7,TRP,109,ASN,110
A0A7Z9DVQ9,TRP,111,ASN,112
A0A7Z9U7F9,TRP,109,ASN,110
A0A800MQV8,TRP,109,ASN,110
A0A806FL40,TRP,110,ASN,111
A0A822LBA1,TRP,111,ASN,112
A0A831KMB6,TRP,109,ASN,110
A0A831RIA5,TRP,109,ASN,110
A0A832MTS3,TRP,119,ASN,120
A0A833P0T0,TRP,119,ASN,120
A0A836S833,TRP,105,ASN,106
A0A836SHY6,TRP,109,ASN,110
A0A836XAF8,TRP,109,ASN,110
A0A840SBW7,TRP,108,ASN,109
A0A841VNC2,TRP,111,ASN,112
A0A841UWY4,TRP,111,ASN,112
A0A841WRR9,TRP,111,ASN,112
A0A844MLP5,TRP,111,ASN,112
A0A845WMT0,TRP,111,ASN,112
A0A845VHP1,TRP,111,ASN,112
A0A845X5P3,TRP,111,ASN,112
A0A845Y0K0,TRP,92,ASN,93
A0A846CL26,TRP,112,ASN,113
A0A846APN2,TRP,112,ASN,113
A0A845Z1Y0,TRP,112,ASN,113
A0A846D375,TRP,91,ASN,92
A0A846DPU1,TRP,111,ASN,112
A0A846E120,TRP,111,ASN,112
A0A845ZJ35,TRP,111,ASN,112
A0A846GXL2,TRP,111,ASN,112
A0A846ESP3,TRP,112,ASN,113
A0A846FYN0,TRP,112,ASN,113
A0A846H8H2,TRP,111,ASN,112
A0A846SX11,TRP,109,ASN,110
A0A846QR92,TRP,121,ASN,122
A0A847JEF4,TRP,119,ASN,120
A0A847IUL6,TRP,107,ASN,108
A0A847LNE5,TRP,109,GLN,110
A0A847NVD6,TRP,109,ASN,110
A0A848KRY9,TRP,130,GLN,131
A0A848YYS3,TRP,109,ASN,110
A0A849DVW8,TRP,105,ASN,106
A0A849RAP2,TRP,109,ASN,110
A0A849U4I9,TRP,109,ASN,110
A0A850R7A4,TRP,109,ASN,110
A0A850RIK5,TRP,109,ASN,110
A0A850S306,TRP,107,ASN,108
A0A850S951,TRP,107,ASN,108
A0A850RGN9,TRP,109,ASN,110
A0A856MCI4,TRP,111,ASN,112
A0A857CZJ3,TRP,111,ASN,112
A0A858QBV9,TRP,109,ASN,110
A0A8B3RKK1,TRP,110,ASN,111
A0A8B5WV97,TRP,109,ASN,110
A0NVJ5,TRP,124,ASN,125
A0ZZR8,TRP,110,ASN,111
A0YU03,TRP,110,ASN,111
A2BS81,TRP,104,ASN,105
A2CAJ7,TRP,109,ASN,110
A3PE15,TRP,104,ASN,105
A3INV1,TRP,111,ASN,112
A4CTR0,TRP,106,ASN,107
A5GKA8,TRP,106,ASN,107
A6M2T9,TRP,109,ASN,110
A7A3I5,TRP,110,ASN,111
A7GME6,TRP,119,ASN,120
A7VWQ6,TRP,110,ASN,111
A8G5W3,TRP,104,ASN,105
A8YL39,TRP,111,ASN,112
A9C218,TRP,129,ASN,130
A9KKN9,TRP,109,ASN,110
B0C0S3,TRP,111,ASN,112
B1WNK5,TRP,111,ASN,112
B1XPU6,TRP,110,ASN,111
B2J6C9,TRP,111,ASN,112
B3DU95,TRP,110,ASN,111
B4VYW5,TRP,111,ASN,112
B5IHU5,TRP,112,ASN,113
B5W383,TRP,111,ASN,112
B4WSL6,TRP,171,ASN,172
B7GT88,TRP,110,ASN,111
B7AVW4,TRP,129,ASN,130
B7KCM0,TRP,111,ASN,112
B6XWQ9,TRP,110,ASN,111
B7K4V1,TRP,111,ASN,112
B8DVM0,TRP,110,ASN,111
B8HLF8,TRP,111,ASN,112
B8GPP5,TRP,109,ASN,110
B8FBQ4,TRP,109,ASN,110
C0BR14,TRP,110,ASN,111
C0N837,TRP,106,ASN,107
C0CUI7,TRP,110,ASN,111
C0D7H6,TRP,114,ASN,115
C4FH75,TRP,110,ASN,111
C4Z3E8,TRP,109,ASN,110
C4ID07,TRP,109,ASN,110
C5E9C9,TRP,110,ASN,111
C6PTR2,TRP,109,ASN,110
D2Q7W7,TRP,110,ASN,111
D1NUJ3,TRP,109,ASN,110
D4BLZ1,TRP,140,ASN,141
D4CF15,TRP,109,ASN,110
D4LEH4,TRP,108,ASN,109
D5EHU4,TRP,108,ASN,109
D6ZXK8,TRP,110,ASN,111
D9R019,TRP,109,ASN,110
E0Q9M4,TRP,110,ASN,111
E0UHU4,TRP,111,ASN,112
E1R419,TRP,109,ASN,110
E3D816,TRP,134,ASN,135
E4RM84,TRP,107,ASN,108
E6K1V4,TRP,110,ASN,111
E6UCY2,TRP,108,ASN,109
E6U7U2,TRP,109,ASN,110
E9S9Z9,TRP,108,ASN,109
F2JJN6,TRP,109,ASN,110
F4QLX6,TRP,119,ASN,120
F5T010,TRP,106,ASN,107
F4XYL2,TRP,111,ASN,112
G0A381,TRP,109,ASN,110
G2E511,TRP,109,ASN,110
G2FDN9,TRP,109,ASN,110
G2T4B4,TRP,108,ASN,109
G5HTF2,TRP,110,ASN,111
G5J146,TRP,111,ASN,112
G4SZ39,TRP,109,ASN,110
G6FR20,TRP,111,ASN,112
G7M9J4,TRP,143,ASN,144
H8GLH4,TRP,109,ASN,110
H7EJC4,TRP,108,ASN,109
I0X7U0,TRP,108,ASN,109
I3TSQ9,TRP,119,ASN,120
I4FVP6,TRP,90,ASN,91
I3WFW3,TRP,110,ASN,111
I4H203,TRP,111,ASN,112
I4G5L6,TRP,111,ASN,112
I4GYV8,TRP,111,ASN,112
I4I2X4,TRP,111,ASN,112
I4HT72,TRP,111,ASN,112
I4LRH5,TRP,110,ASN,111
I4IQ56,TRP,111,ASN,112
I4LXR0,TRP,110,ASN,111
I4LWW9,TRP,110,ASN,111
I4MBF5,TRP,110,ASN,111
I5AR26,TRP,109,ASN,110
J0DEK9,TRP,111,ASN,112
K2HUS6,TRP,110,ASN,111
K2A1C1,TRP,109,ASN,110
K6TH04,TRP,109,ASN,110
K8GRP4,TRP,111,ASN,112
K9PCZ4,TRP,110,ASN,111
K8X9R9,TRP,114,GLN,115
K9PYL2,TRP,110,ASN,111
K9QGX9,TRP,111,ASN,112
K9SI22,TRP,111,ASN,112
K9RAF4,TRP,111,ASN,112
K9S3J2,TRP,111,ASN,112
K9T4R3,TRP,111,ASN,112
K9QS78,TRP,111,ASN,112
K9TS02,TRP,111,ASN,112
K9U6T0,TRP,111,ASN,112
K9UDU2,TRP,111,ASN,112
K9WB54,TRP,111,ASN,112
K9XSZ4,TRP,111,ASN,112
K9XEW0,TRP,111,ASN,112
K9V9K8,TRP,111,ASN,112
K9YC99,TRP,111,ASN,112
K9YLR1,TRP,111,ASN,112
K9X4E7,TRP,111,ASN,112
L0E1A1,TRP,108,ASN,109
K9ZCV9,TRP,111,ASN,112
L0GXD2,TRP,109,ASN,110
L7EEA7,TRP,111,ASN,112
L8M8K8,TRP,111,ASN,112
M1MXF4,TRP,109,ASN,110
M4RPR2,TRP,110,ASN,111
M4ZDI1,TRP,119,ASN,120
M7PPC4,TRP,106,ASN,107
N2AMU0,TRP,108,ASN,109
Q05RQ8,TRP,122,ASN,123
Q0F0I5,TRP,107,ASN,108
Q114A4,TRP,112,ASN,113
Q1PL68,TRP,104,ASN,105
Q1PKQ9,TRP,104,ASN,105
Q2JNV6,TRP,110,ASN,111
Q319W9,TRP,104,ASN,105
Q31JZ0,TRP,111,ASN,112
Q3AX31,TRP,106,ASN,107
Q47YR0,TRP,119,ASN,120
Q4C7C5,TRP,111,ASN,112
Q603L0,TRP,109,ASN,110
Q7V0T6,TRP,104,ASN,105
Q7U982,TRP,125,ASN,126
Q7V867,TRP,109,ASN,110
Q8G701,TRP,110,ASN,111
Q97KJ9,TRP,109,ASN,110
R5AAU8,TRP,110,ASN,111
R5GKK5,TRP,108,ASN,109
R5DYX7,TRP,109,ASN,110
R5KS40,TRP,107,ASN,108
R5L2B4,TRP,108,ASN,109
R5XYT4,TRP,109,ASN,110
R5ZR61,TRP,109,ASN,110
R6DVB6,TRP,109,ASN,110
R6DMW5,TRP,109,ASN,110
R6NDL9,TRP,110,ASN,111
R6M9X6,TRP,108,ASN,109
R6YHZ5,TRP,110,ASN,111
R6VAG9,TRP,108,ASN,109
R6U7Y3,TRP,108,ASN,109
R6PGC9,TRP,109,ASN,110
R7C9K4,TRP,108,ASN,109
R7BHL8,TRP,109,ASN,110
R7AJM3,TRP,108,ASN,109
R7B1Y3,TRP,109,ASN,110
R9J696,TRP,109,ASN,110
R9MKB2,TRP,108,ASN,109
S3JM72,TRP,111,ASN,112
S4GNH2,TRP,110,ASN,111
S4I8I7,TRP,110,ASN,111
S6BVZ7,TRP,107,ASN,108
T2IK00,TRP,111,ASN,112
T2JB53,TRP,111,ASN,112
T2ISD5,TRP,111,ASN,112
T2PKX1,TRP,110,ASN,111
U1QVW5,TRP,111,ASN,112
U5MZZ2,TRP,121,ASN,122
U9W083,TRP,130,ASN,131
U7QDQ5,TRP,110,ASN,111
V4HY08,TRP,119,ASN,120
V2XJ09,TRP,109,ASN,110
V5CAH3,TRP,109,ASN,110
W0GUP7,TRP,106,ASN,107
W0E6T2,TRP,109,ASN,110
W0DJH1,TRP,108,ASN,109
W4N6M5,TRP,110,ASN,111
W5IGR2,TRP,111,ASN,112
W6K8Z1,TRP,109,ASN,110
W6N3Z2,TRP,109,ASN,110
W7UI54,TRP,108,ASN,109
W9V7B8,TRP,109,ASN,110
